order,category,header,symbol,kind,requirement,option_codes,implementation_status,header_evidence,libc_source,syscall,kernel_source,test_evidence,implementation_notes,review_status,review_findings,fix_status,standard_url
1,filesystem,<dirent.h>,alphasort,function,required,,implemented,libc/include/dirent.h,userland/base/libc/posix.c,,,userland/base/tests/posix-r2-remaining.c,,reviewed,,not-needed,https://pubs.opengroup.org/onlinepubs/9699919799/functions/alphasort.html
2,filesystem,<sys/stat.h>,chmod,function,required,,implemented,libc/include/sys/stat.h,userland/base/libc/posix.c,,,,,reviewed,,not-needed,https://pubs.opengroup.org/onlinepubs/9699919799/functions/chmod.html
3,filesystem,<dirent.h>,closedir,function,required,,implemented,libc/include/dirent.h,userland/base/libc/posix.c,,,userland/base/tests/posix-r2.c,,reviewed,,not-needed,https://pubs.opengroup.org/onlinepubs/9699919799/functions/closedir.html
4,filesystem,<fcntl.h>,creat,function,required,,implemented,libc/include/fcntl.h,userland/base/libc/posix.c,,,userland/base/tests/posix-r2.c,,reviewed,,not-needed,https://pubs.opengroup.org/onlinepubs/9699919799/functions/creat.html
5,filesystem,<dirent.h>,dirfd,function,required,,implemented,libc/include/dirent.h,userland/base/libc/posix.c,,,userland/base/tests/posix-r2.c,,reviewed,,not-needed,https://pubs.opengroup.org/onlinepubs/9699919799/functions/dirfd.html
6,filesystem,<sys/stat.h>,fchmod,function,required,,implemented,libc/include/sys/stat.h,userland/base/libc/posix.c,,,,,reviewed,,not-needed,https://pubs.opengroup.org/onlinepubs/9699919799/functions/fchmod.html
7,filesystem,<sys/stat.h>,fchmodat,function,required,,implemented,libc/include/sys/stat.h,userland/base/libc/posix.c,,,,,reviewed,,not-needed,https://pubs.opengroup.org/onlinepubs/9699919799/functions/fchmodat.html
8,filesystem,<fcntl.h>,fcntl,function,required,,implemented,libc/include/fcntl.h|libc/include/spawn.h,userland/base/libc/utmpx.c|userland/base/libc/termios.c|userland/base/libc/posix.c,,,userland/base/tests/posix-r2.c,,reviewed,,not-needed,https://pubs.opengroup.org/onlinepubs/9699919799/functions/fcntl.html
9,filesystem,<dirent.h>,fdopendir,function,required,,implemented,libc/include/dirent.h,userland/base/libc/posix.c,,,userland/base/tests/posix-r2.c,,reviewed,,not-needed,https://pubs.opengroup.org/onlinepubs/9699919799/functions/fdopendir.html
10,filesystem,<sys/stat.h>,fstat,function,required,,implemented,libc/include/sys/stat.h,userland/base/libc/posix.c,,,userland/base/tests/posix-r2.c,,reviewed,,not-needed,https://pubs.opengroup.org/onlinepubs/9699919799/functions/fstat.html
11,filesystem,<sys/stat.h>,fstatat,function,required,,implemented,libc/include/sys/stat.h,userland/base/libc/posix.c,,,,,reviewed,,not-needed,https://pubs.opengroup.org/onlinepubs/9699919799/functions/fstatat.html
12,filesystem,<sys/statvfs.h>,fstatvfs,function,required,,implemented,libc/include/sys/statvfs.h,userland/base/libc/posix.c,,,userland/base/tests/posix-r2.c,,reviewed,,not-needed,https://pubs.opengroup.org/onlinepubs/9699919799/functions/fstatvfs.html
13,filesystem,<sys/stat.h>,futimens,function,required,,implemented,libc/include/sys/stat.h,userland/base/libc/posix.c,,,,,reviewed,,not-needed,https://pubs.opengroup.org/onlinepubs/9699919799/functions/futimens.html
14,filesystem,<sys/stat.h>,lstat,function,required,,implemented,libc/include/sys/stat.h,userland/base/libc/posix.c,,,,,reviewed,,not-needed,https://pubs.opengroup.org/onlinepubs/9699919799/functions/lstat.html
15,filesystem,<sys/stat.h>,mkdir,function,required,,implemented,libc/include/sys/stat.h,userland/base/libc/posix.c,,,userland/base/tests/posix-r2.c,,reviewed,,not-needed,https://pubs.opengroup.org/onlinepubs/9699919799/functions/mkdir.html
16,filesystem,<sys/stat.h>,mkdirat,function,required,,implemented,libc/include/sys/stat.h,userland/base/libc/posix.c,,,,,reviewed,,not-needed,https://pubs.opengroup.org/onlinepubs/9699919799/functions/mkdirat.html
17,filesystem,<sys/stat.h>,mkfifo,function,required,,implemented,libc/include/sys/stat.h,userland/base/libc/posix.c,,,userland/base/tests/posix-r2.c,,reviewed,,not-needed,https://pubs.opengroup.org/onlinepubs/9699919799/functions/mkfifo.html
18,filesystem,<sys/stat.h>,mkfifoat,function,required,,implemented,libc/include/sys/stat.h,userland/base/libc/posix.c,,,,,reviewed,,not-needed,https://pubs.opengroup.org/onlinepubs/9699919799/functions/mkfifoat.html
19,filesystem,<fcntl.h>,open,function,required,,implemented,libc/include/fcntl.h,userland/base/libc/shm.c|userland/base/libc/utmpx.c|userland/base/libc/termios.c|userland/base/libc/posix.c,,,userland/base/tests/posix-r2.c,,reviewed,,not-needed,https://pubs.opengroup.org/onlinepubs/9699919799/functions/open.html
20,filesystem,<fcntl.h>,openat,function,required,,implemented,libc/include/fcntl.h,userland/base/libc/posix.c,,,,,reviewed,,not-needed,https://pubs.opengroup.org/onlinepubs/9699919799/functions/openat.html
21,filesystem,<dirent.h>,opendir,function,required,,implemented,libc/include/dirent.h,userland/base/libc/posix.c,,,userland/base/tests/posix-r2.c,,reviewed,,not-needed,https://pubs.opengroup.org/onlinepubs/9699919799/functions/opendir.html
22,filesystem,<dirent.h>,readdir,function,required,,implemented,libc/include/dirent.h,userland/base/libc/posix.c,,,userland/base/tests/posix-r2.c,,reviewed,,not-needed,https://pubs.opengroup.org/onlinepubs/9699919799/functions/readdir.html
23,filesystem,<dirent.h>,readdir_r,function,required,,implemented,libc/include/dirent.h,userland/base/libc/posix.c,,,,,reviewed,,not-needed,https://pubs.opengroup.org/onlinepubs/9699919799/functions/readdir_r.html
24,filesystem,<dirent.h>,rewinddir,function,required,,implemented,libc/include/dirent.h,userland/base/libc/posix.c,,,userland/base/tests/posix-r2.c,,reviewed,,not-needed,https://pubs.opengroup.org/onlinepubs/9699919799/functions/rewinddir.html
25,filesystem,<dirent.h>,scandir,function,required,,implemented,libc/include/dirent.h,userland/base/libc/posix.c,,,userland/base/tests/posix-r2-remaining.c,,reviewed,,not-needed,https://pubs.opengroup.org/onlinepubs/9699919799/functions/scandir.html
26,filesystem,<sys/stat.h>,stat,function,required,,implemented,libc/include/sys/stat.h,userland/base/libc/posix.c,,,userland/base/tests/posix-r2.c,,reviewed,,not-needed,https://pubs.opengroup.org/onlinepubs/9699919799/functions/stat.html
27,filesystem,<sys/statvfs.h>,statvfs,function,required,,implemented,libc/include/sys/statvfs.h,userland/base/libc/posix.c,,,userland/base/tests/posix-r2.c,,reviewed,,not-needed,https://pubs.opengroup.org/onlinepubs/9699919799/functions/statvfs.html
28,filesystem,<sys/stat.h>,umask,function,required,,implemented,libc/include/sys/stat.h,userland/base/libc/posix.c,,,,,reviewed,,not-needed,https://pubs.opengroup.org/onlinepubs/9699919799/functions/umask.html
29,filesystem,<sys/stat.h>,utimensat,function,required,,implemented,libc/include/sys/stat.h,userland/base/libc/posix.c,,,,,reviewed,,not-needed,https://pubs.opengroup.org/onlinepubs/9699919799/functions/utimensat.html
30,io-memory,<aio.h>,aio_cancel,function,required,,implemented,libc/include/aio.h,userland/base/libc/posix.c,,,,,reviewed,,not-needed,https://pubs.opengroup.org/onlinepubs/9699919799/functions/aio_cancel.html
31,io-memory,<aio.h>,aio_error,function,required,,implemented,libc/include/aio.h,userland/base/libc/posix.c,,,userland/base/tests/posix-r2-remaining.c,,reviewed,,not-needed,https://pubs.opengroup.org/onlinepubs/9699919799/functions/aio_error.html
32,io-memory,<aio.h>,aio_read,function,required,,implemented,libc/include/aio.h,userland/base/libc/posix.c,,,userland/base/tests/posix-r2-remaining.c,,reviewed,,not-needed,https://pubs.opengroup.org/onlinepubs/9699919799/functions/aio_read.html
33,io-memory,<aio.h>,aio_return,function,required,,implemented,libc/include/aio.h,userland/base/libc/posix.c,,,userland/base/tests/posix-r2-remaining.c,,reviewed,,not-needed,https://pubs.opengroup.org/onlinepubs/9699919799/functions/aio_return.html
34,io-memory,<aio.h>,aio_suspend,function,required,,implemented,libc/include/aio.h,userland/base/libc/posix.c,,,,,reviewed,A timeout with no completed request returned immediately instead of waiting.,fixed,https://pubs.opengroup.org/onlinepubs/9699919799/functions/aio_suspend.html
35,io-memory,<aio.h>,aio_write,function,required,,implemented,libc/include/aio.h,userland/base/libc/posix.c,,,userland/base/tests/posix-r2-remaining.c,,reviewed,,not-needed,https://pubs.opengroup.org/onlinepubs/9699919799/functions/aio_write.html
36,io-memory,<aio.h>,lio_listio,function,required,,implemented,libc/include/aio.h,userland/base/libc/posix.c,,,,,reviewed,List submission incorrectly emitted each aiocb notification as well as the list notification.,fixed,https://pubs.opengroup.org/onlinepubs/9699919799/functions/lio_listio.html
37,io-memory,<sys/mman.h>,mmap,function,required,,implemented,libc/include/sys/mman.h,userland/base/libc/mqueue.c|userland/base/libc/static-tls.c|userland/base/libc/posix.c|userland/base/libc/pthread.c,,,userland/base/tests/posix-r2-remaining.c,,reviewed,,not-needed,https://pubs.opengroup.org/onlinepubs/9699919799/functions/mmap.html
38,io-memory,<sys/mman.h>,mprotect,function,required,,implemented,libc/include/sys/mman.h,userland/base/libc/posix.c|userland/base/libc/pthread.c,,,,,reviewed,,not-needed,https://pubs.opengroup.org/onlinepubs/9699919799/functions/mprotect.html
39,io-memory,<sys/mman.h>,munmap,function,required,,implemented,libc/include/sys/mman.h,userland/base/libc/mqueue.c|userland/base/libc/static-tls.c|userland/base/libc/posix.c|userland/base/libc/pthread.c,,,userland/base/tests/posix-r2-remaining.c,,reviewed,,not-needed,https://pubs.opengroup.org/onlinepubs/9699919799/functions/munmap.html
40,multiplexing,<sys/select.h>,FD_CLR,function,required,,implemented,libc/include/sys/select.h,,,,,,reviewed,,not-needed,https://pubs.opengroup.org/onlinepubs/9699919799/functions/FD_CLR.html
41,multiplexing,<sys/select.h>,FD_ISSET,function,required,,implemented,libc/include/sys/select.h,,,,,,reviewed,,not-needed,https://pubs.opengroup.org/onlinepubs/9699919799/functions/FD_ISSET.html
42,multiplexing,<sys/select.h>,FD_SET,function,required,,implemented,libc/include/sys/select.h,,,,,,reviewed,,not-needed,https://pubs.opengroup.org/onlinepubs/9699919799/functions/FD_SET.html
43,multiplexing,<sys/select.h>,FD_ZERO,function,required,,implemented,libc/include/sys/select.h,,,,,,reviewed,,not-needed,https://pubs.opengroup.org/onlinepubs/9699919799/functions/FD_ZERO.html
44,multiplexing,<poll.h>,poll,function,required,,implemented,libc/include/poll.h,userland/base/libc/poll.c,,,userland/base/tests/posix-r2.c,,reviewed,,not-needed,https://pubs.opengroup.org/onlinepubs/9699919799/functions/poll.html
45,multiplexing,<sys/select.h>,pselect,function,required,,implemented,libc/include/sys/select.h,userland/base/libc/poll.c,,,,,reviewed,,not-needed,https://pubs.opengroup.org/onlinepubs/9699919799/functions/pselect.html
46,multiplexing,<sys/select.h>,select,function,required,,implemented,libc/include/sys/select.h,userland/base/libc/poll.c,,,,,reviewed,,not-needed,https://pubs.opengroup.org/onlinepubs/9699919799/functions/select.html
47,process,<unistd.h>,access,function,required,,implemented,libc/include/unistd.h,libc/stdio.c|userland/base/libc/posix.c,,,,,reviewed,,not-needed,https://pubs.opengroup.org/onlinepubs/9699919799/functions/access.html
48,process,<unistd.h>,alarm,function,required,,implemented,libc/include/unistd.h,userland/base/libc/posix.c,,,,,reviewed,,not-needed,https://pubs.opengroup.org/onlinepubs/9699919799/functions/alarm.html
49,process,<unistd.h>,chdir,function,required,,implemented,libc/include/unistd.h,userland/base/libc/posix.c,,,userland/base/tests/posix-r2.c,,reviewed,,not-needed,https://pubs.opengroup.org/onlinepubs/9699919799/functions/chdir.html
50,process,<unistd.h>,chown,function,required,,implemented,libc/include/unistd.h,userland/base/libc/posix.c,,,,,reviewed,,not-needed,https://pubs.opengroup.org/onlinepubs/9699919799/functions/chown.html
51,process,<unistd.h>,close,function,required,,implemented,libc/include/unistd.h,userland/base/libc/mqueue.c|userland/base/libc/utmpx.c|userland/base/libc/termios.c|userland/base/libc/posix.c,,,userland/base/tests/posix-r2.c,,reviewed,,not-needed,https://pubs.opengroup.org/onlinepubs/9699919799/functions/close.html
52,process,<unistd.h>,confstr,function,required,,implemented,libc/include/unistd.h,userland/base/libc/posix.c,,,,,reviewed,,not-needed,https://pubs.opengroup.org/onlinepubs/9699919799/functions/confstr.html
53,process,<unistd.h>,dup,function,required,,implemented,libc/include/unistd.h,userland/base/libc/posix.c,,,,,reviewed,,not-needed,https://pubs.opengroup.org/onlinepubs/9699919799/functions/dup.html
54,process,<unistd.h>,dup2,function,required,,implemented,libc/include/unistd.h,userland/base/libc/termios.c|userland/base/libc/posix.c,,,,,reviewed,,not-needed,https://pubs.opengroup.org/onlinepubs/9699919799/functions/dup2.html
55,process,<unistd.h>,environ,data,required,,implemented,libc/include/unistd.h|libc/include/stdlib.h,,,,userland/base/tests/posix-r2-remaining.c,,reviewed,,not-needed,https://pubs.opengroup.org/onlinepubs/9699919799/functions/environ.html
56,process,<unistd.h>,execl,function,required,,implemented,libc/include/unistd.h,userland/base/libc/posix.c,,,,,reviewed,,not-needed,https://pubs.opengroup.org/onlinepubs/9699919799/functions/execl.html
57,process,<unistd.h>,execle,function,required,,implemented,libc/include/unistd.h,userland/base/libc/posix.c,,,,,reviewed,,not-needed,https://pubs.opengroup.org/onlinepubs/9699919799/functions/execle.html
58,process,<unistd.h>,execlp,function,required,,implemented,libc/include/unistd.h,userland/base/libc/posix.c,,,,,reviewed,ENOEXEC from a PATH candidate did not invoke the shell fallback required by exec*p semantics.,fixed,https://pubs.opengroup.org/onlinepubs/9699919799/functions/execlp.html
59,process,<unistd.h>,execv,function,required,,implemented,libc/include/unistd.h,userland/base/libc/posix.c,,,userland/base/tests/posix-r2.c,,reviewed,,not-needed,https://pubs.opengroup.org/onlinepubs/9699919799/functions/execv.html
60,process,<unistd.h>,execve,function,required,,implemented,libc/include/unistd.h,userland/base/libc/posix.c,,,userland/base/tests/posix-r2.c,,reviewed,,not-needed,https://pubs.opengroup.org/onlinepubs/9699919799/functions/execve.html
61,process,<unistd.h>,execvp,function,required,,implemented,libc/include/unistd.h,userland/base/libc/posix.c,,,,,reviewed,ENOEXEC from a PATH candidate did not invoke the shell fallback required by exec*p semantics.,fixed,https://pubs.opengroup.org/onlinepubs/9699919799/functions/execvp.html
62,process,<unistd.h>,faccessat,function,required,,implemented,libc/include/unistd.h|libc/include/fcntl.h,userland/base/libc/posix.c,,,,,reviewed,,not-needed,https://pubs.opengroup.org/onlinepubs/9699919799/functions/faccessat.html
63,process,<unistd.h>,fchdir,function,required,,implemented,libc/include/unistd.h,userland/base/libc/posix.c,,,userland/base/tests/posix-r2.c,,reviewed,,not-needed,https://pubs.opengroup.org/onlinepubs/9699919799/functions/fchdir.html
64,process,<unistd.h>,fchown,function,required,,implemented,libc/include/unistd.h,userland/base/libc/posix.c,,,,,reviewed,,not-needed,https://pubs.opengroup.org/onlinepubs/9699919799/functions/fchown.html
65,process,<unistd.h>,fchownat,function,required,,implemented,libc/include/unistd.h,userland/base/libc/posix.c,,,,,reviewed,,not-needed,https://pubs.opengroup.org/onlinepubs/9699919799/functions/fchownat.html
66,process,<unistd.h>,fexecve,function,required,,implemented,libc/include/unistd.h,userland/base/libc/posix.c,,,userland/base/tests/posix-r2-remaining.c,,reviewed,The initial descriptor execution path could dereference a pseudo-file with no inode.,fixed,https://pubs.opengroup.org/onlinepubs/9699919799/functions/fexecve.html
67,process,<unistd.h>,fork,function,required,,implemented,libc/include/unistd.h,userland/base/libc/termios.c|userland/base/libc/posix.c,,,userland/base/tests/posix-r2.c,,reviewed,,not-needed,https://pubs.opengroup.org/onlinepubs/9699919799/functions/fork.html
68,process,<unistd.h>,fpathconf,function,required,,implemented,libc/include/unistd.h,userland/base/libc/posix.c,,,,,reviewed,,not-needed,https://pubs.opengroup.org/onlinepubs/9699919799/functions/fpathconf.html
69,process,<unistd.h>,ftruncate,function,required,,implemented,libc/include/unistd.h,userland/base/libc/mqueue.c|userland/base/libc/posix.c|userland/base/libc/semaphore.c,,,userland/base/tests/posix-r2-remaining.c,,reviewed,,not-needed,https://pubs.opengroup.org/onlinepubs/9699919799/functions/ftruncate.html
70,process,<unistd.h>,getcwd,function,required,,implemented,libc/include/unistd.h,userland/base/libc/posix.c,,,userland/base/tests/posix-r2.c,,reviewed,,not-needed,https://pubs.opengroup.org/onlinepubs/9699919799/functions/getcwd.html
71,process,<unistd.h>,getegid,function,required,,implemented,libc/include/unistd.h,userland/base/libc/posix.c,,,,,reviewed,,not-needed,https://pubs.opengroup.org/onlinepubs/9699919799/functions/getegid.html
72,process,<unistd.h>,geteuid,function,required,,implemented,libc/include/unistd.h,userland/base/libc/posix.c,,,,,reviewed,,not-needed,https://pubs.opengroup.org/onlinepubs/9699919799/functions/geteuid.html
73,process,<unistd.h>,getgid,function,required,,implemented,libc/include/unistd.h,userland/base/libc/posix.c,,,,,reviewed,,not-needed,https://pubs.opengroup.org/onlinepubs/9699919799/functions/getgid.html
74,process,<unistd.h>,getgroups,function,required,,implemented,libc/include/unistd.h,userland/base/libc/posix.c,,,,,reviewed,,not-needed,https://pubs.opengroup.org/onlinepubs/9699919799/functions/getgroups.html
75,process,<unistd.h>,gethostname,function,required,,implemented,libc/include/unistd.h,userland/base/libc/posix.c,,,,,reviewed,,not-needed,https://pubs.opengroup.org/onlinepubs/9699919799/functions/gethostname.html
76,process,<unistd.h>,getlogin,function,required,,implemented,libc/include/unistd.h,userland/base/libc/posix.c,,,userland/base/tests/posix-r2.c,,reviewed,,not-needed,https://pubs.opengroup.org/onlinepubs/9699919799/functions/getlogin.html
77,process,<unistd.h>,getlogin_r,function,required,,implemented,libc/include/unistd.h,userland/base/libc/posix.c,,,userland/base/tests/posix-r2.c,,reviewed,,not-needed,https://pubs.opengroup.org/onlinepubs/9699919799/functions/getlogin_r.html
78,process,<unistd.h>,getopt,function,required,,implemented,libc/include/unistd.h,userland/base/libc/posix.c,,,userland/base/tests/posix-r2-remaining.c,,reviewed,,not-needed,https://pubs.opengroup.org/onlinepubs/9699919799/functions/getopt.html
79,process,<unistd.h>,getpgid,function,required,,implemented,libc/include/unistd.h,userland/base/libc/posix.c,,,,,reviewed,,not-needed,https://pubs.opengroup.org/onlinepubs/9699919799/functions/getpgid.html
80,process,<unistd.h>,getpgrp,function,required,,implemented,libc/include/unistd.h,userland/base/libc/posix.c,,,,,reviewed,,not-needed,https://pubs.opengroup.org/onlinepubs/9699919799/functions/getpgrp.html
81,process,<unistd.h>,getpid,function,required,,implemented,libc/include/unistd.h,userland/base/libc/mqueue.c|userland/base/libc/posix.c|userland/base/libc/signal.c,,,,,reviewed,,not-needed,https://pubs.opengroup.org/onlinepubs/9699919799/functions/getpid.html
82,process,<unistd.h>,getppid,function,required,,implemented,libc/include/unistd.h,userland/base/libc/posix.c,,,,,reviewed,,not-needed,https://pubs.opengroup.org/onlinepubs/9699919799/functions/getppid.html
83,process,<unistd.h>,getsid,function,required,,implemented,libc/include/unistd.h,userland/base/libc/posix.c,,,userland/base/tests/posix-r2-remaining.c,,reviewed,,not-needed,https://pubs.opengroup.org/onlinepubs/9699919799/functions/getsid.html
84,process,<unistd.h>,getuid,function,required,,implemented,libc/include/unistd.h,userland/base/libc/posix.c,,,,,reviewed,,not-needed,https://pubs.opengroup.org/onlinepubs/9699919799/functions/getuid.html
85,process,<unistd.h>,isatty,function,required,,implemented,libc/include/unistd.h|include/uapi/zedbsd/console.h,libc/stdio.c|userland/base/libc/posix.c,,,userland/base/tests/posix-r2-remaining.c,,reviewed,,not-needed,https://pubs.opengroup.org/onlinepubs/9699919799/functions/isatty.html
86,process,<signal.h>,kill,function,required,CX,implemented,libc/include/signal.h,userland/base/libc/mqueue.c|userland/base/libc/signal.c,,,,,reviewed,,not-needed,https://pubs.opengroup.org/onlinepubs/9699919799/functions/kill.html
87,process,<unistd.h>,lchown,function,required,,implemented,libc/include/unistd.h,userland/base/libc/posix.c,,,,,reviewed,,not-needed,https://pubs.opengroup.org/onlinepubs/9699919799/functions/lchown.html
88,process,<unistd.h>,link,function,required,,implemented,libc/include/unistd.h|libc/include/zedbsd/rtld-abi.h,userland/base/libc/posix.c,,,userland/base/tests/posix-r2.c,,reviewed,,not-needed,https://pubs.opengroup.org/onlinepubs/9699919799/functions/link.html
89,process,<unistd.h>,linkat,function,required,,implemented,libc/include/unistd.h,userland/base/libc/posix.c,,,,,reviewed,,not-needed,https://pubs.opengroup.org/onlinepubs/9699919799/functions/linkat.html
90,process,<unistd.h>,lseek,function,required,,implemented,libc/include/unistd.h,userland/base/libc/posix.c,,,userland/base/tests/posix-r2-remaining.c,,reviewed,,not-needed,https://pubs.opengroup.org/onlinepubs/9699919799/functions/lseek.html
91,process,<unistd.h>,optarg,data,required,,implemented,libc/include/unistd.h,,,,userland/base/tests/posix-r2-remaining.c,,reviewed,,not-needed,https://pubs.opengroup.org/onlinepubs/9699919799/functions/optarg.html
92,process,<unistd.h>,opterr,data,required,,implemented,libc/include/unistd.h,,,,userland/base/tests/posix-r2-remaining.c,,reviewed,,not-needed,https://pubs.opengroup.org/onlinepubs/9699919799/functions/opterr.html
93,process,<unistd.h>,optind,data,required,,implemented,libc/include/unistd.h,,,,userland/base/tests/posix-r2-remaining.c,,reviewed,,not-needed,https://pubs.opengroup.org/onlinepubs/9699919799/functions/optind.html
94,process,<unistd.h>,optopt,data,required,,implemented,libc/include/unistd.h,,,,,,reviewed,,not-needed,https://pubs.opengroup.org/onlinepubs/9699919799/functions/optopt.html
95,process,<unistd.h>,pathconf,function,required,,implemented,libc/include/unistd.h,userland/base/libc/posix.c,,,,,reviewed,,not-needed,https://pubs.opengroup.org/onlinepubs/9699919799/functions/pathconf.html
96,process,<unistd.h>,pause,function,required,,implemented,libc/include/unistd.h,userland/base/libc/posix.c,,,,,reviewed,,not-needed,https://pubs.opengroup.org/onlinepubs/9699919799/functions/pause.html
97,process,<unistd.h>,pipe,function,required,,implemented,libc/include/unistd.h|include/uapi/zedbsd/system.h,userland/base/libc/posix.c,,,userland/base/tests/posix-r2.c,,reviewed,,not-needed,https://pubs.opengroup.org/onlinepubs/9699919799/functions/pipe.html
98,process,<unistd.h>,pread,function,required,,implemented,libc/include/unistd.h,userland/base/libc/utmpx.c|userland/base/libc/posix.c,,,userland/base/tests/posix-r2.c,,reviewed,,not-needed,https://pubs.opengroup.org/onlinepubs/9699919799/functions/pread.html
99,process,<signal.h>,psiginfo,function,required,CX,implemented,libc/include/signal.h,userland/base/libc/signal.c,,,,,reviewed,,not-needed,https://pubs.opengroup.org/onlinepubs/9699919799/functions/psiginfo.html
100,process,<signal.h>,psignal,function,required,CX,implemented,libc/include/signal.h,userland/base/libc/signal.c,,,,,reviewed,,not-needed,https://pubs.opengroup.org/onlinepubs/9699919799/functions/psignal.html
101,process,<signal.h>,pthread_kill,function,required,CX,implemented,libc/include/pthread.h,userland/base/libc/pthread.c,,,,,reviewed,,not-needed,https://pubs.opengroup.org/onlinepubs/9699919799/functions/pthread_kill.html
102,process,<signal.h>,pthread_sigmask,function,required,CX,implemented,libc/include/pthread.h,userland/base/libc/pthread.c,,,userland/base/tests/posix-r2.c,,reviewed,,not-needed,https://pubs.opengroup.org/onlinepubs/9699919799/functions/pthread_sigmask.html
103,process,<unistd.h>,pwrite,function,required,,implemented,libc/include/unistd.h,userland/base/libc/utmpx.c|userland/base/libc/posix.c,,,userland/base/tests/posix-r2.c,,reviewed,,not-needed,https://pubs.opengroup.org/onlinepubs/9699919799/functions/pwrite.html
104,process,<signal.h>,raise,function,required,,implemented,libc/include/signal.h,userland/base/libc/signal.c,,,,,reviewed,,not-needed,https://pubs.opengroup.org/onlinepubs/9699919799/functions/raise.html
105,process,<unistd.h>,read,function,required,,implemented,libc/include/unistd.h|libc/include/zedbsd/rtld-abi.h|include/uapi/zedbsd/console.h|include/uapi/zedbsd/mouse.h,userland/base/libc/posix.c,,,userland/base/tests/posix-r2.c,,reviewed,,not-needed,https://pubs.opengroup.org/onlinepubs/9699919799/functions/read.html
106,process,<unistd.h>,readlink,function,required,,implemented,libc/include/unistd.h,userland/base/libc/posix.c,,,userland/base/tests/posix-r2-remaining.c,,reviewed,,not-needed,https://pubs.opengroup.org/onlinepubs/9699919799/functions/readlink.html
107,process,<unistd.h>,readlinkat,function,required,,implemented,libc/include/unistd.h,userland/base/libc/posix.c,,,,,reviewed,,not-needed,https://pubs.opengroup.org/onlinepubs/9699919799/functions/readlinkat.html
108,process,<unistd.h>,rmdir,function,required,,implemented,libc/include/unistd.h,userland/base/libc/posix.c,,,userland/base/tests/posix-r2.c,,reviewed,,not-needed,https://pubs.opengroup.org/onlinepubs/9699919799/functions/rmdir.html
109,process,<unistd.h>,setegid,function,required,,implemented,libc/include/unistd.h,userland/base/libc/posix.c,,,,,reviewed,,not-needed,https://pubs.opengroup.org/onlinepubs/9699919799/functions/setegid.html
110,process,<unistd.h>,seteuid,function,required,,implemented,libc/include/unistd.h,userland/base/libc/posix.c,,,,,reviewed,,not-needed,https://pubs.opengroup.org/onlinepubs/9699919799/functions/seteuid.html
111,process,<unistd.h>,setgid,function,required,,implemented,libc/include/unistd.h,userland/base/libc/posix.c,,,,,reviewed,,not-needed,https://pubs.opengroup.org/onlinepubs/9699919799/functions/setgid.html
112,process,<unistd.h>,setpgid,function,required,,implemented,libc/include/unistd.h,userland/base/libc/posix.c,,,,,reviewed,,not-needed,https://pubs.opengroup.org/onlinepubs/9699919799/functions/setpgid.html
113,process,<unistd.h>,setsid,function,required,,implemented,libc/include/unistd.h,userland/base/libc/termios.c|userland/base/libc/posix.c,,,,,reviewed,,not-needed,https://pubs.opengroup.org/onlinepubs/9699919799/functions/setsid.html
114,process,<unistd.h>,setuid,function,required,,implemented,libc/include/unistd.h,userland/base/libc/posix.c,,,,,reviewed,,not-needed,https://pubs.opengroup.org/onlinepubs/9699919799/functions/setuid.html
115,process,<signal.h>,sigaction,function,required,CX,implemented,libc/include/signal.h|include/uapi/zedbsd/signal.h,userland/base/libc/posix.c|userland/base/libc/signal.c,,,,,reviewed,,not-needed,https://pubs.opengroup.org/onlinepubs/9699919799/functions/sigaction.html
116,process,<signal.h>,sigaddset,function,required,CX,implemented,libc/include/signal.h,userland/base/libc/signal.c,,,userland/base/tests/posix-r2.c,,reviewed,,not-needed,https://pubs.opengroup.org/onlinepubs/9699919799/functions/sigaddset.html
117,process,<signal.h>,sigdelset,function,required,CX,implemented,libc/include/signal.h,userland/base/libc/signal.c,,,,,reviewed,,not-needed,https://pubs.opengroup.org/onlinepubs/9699919799/functions/sigdelset.html
118,process,<signal.h>,sigemptyset,function,required,CX,implemented,libc/include/signal.h,userland/base/libc/signal.c,,,userland/base/tests/posix-r2.c,,reviewed,,not-needed,https://pubs.opengroup.org/onlinepubs/9699919799/functions/sigemptyset.html
119,process,<signal.h>,sigfillset,function,required,CX,implemented,libc/include/signal.h,userland/base/libc/signal.c,,,,,reviewed,,not-needed,https://pubs.opengroup.org/onlinepubs/9699919799/functions/sigfillset.html
120,process,<signal.h>,sigismember,function,required,CX,implemented,libc/include/signal.h,userland/base/libc/posix.c|userland/base/libc/signal.c,,,,,reviewed,,not-needed,https://pubs.opengroup.org/onlinepubs/9699919799/functions/sigismember.html
121,process,<signal.h>,signal,function,required,,implemented,libc/include/pthread.h|libc/include/signal.h|libc/include/spawn.h|libc/include/poll.h,userland/base/libc/signal.c,,,userland/base/tests/posix-r2.c,,reviewed,,not-needed,https://pubs.opengroup.org/onlinepubs/9699919799/functions/signal.html
122,process,<signal.h>,sigpending,function,required,CX,implemented,libc/include/signal.h,userland/base/libc/signal.c,,,,,reviewed,,not-needed,https://pubs.opengroup.org/onlinepubs/9699919799/functions/sigpending.html
123,process,<signal.h>,sigprocmask,function,required,CX,implemented,libc/include/signal.h,userland/base/libc/posix.c|userland/base/libc/pthread.c|userland/base/libc/signal.c,,,,,reviewed,,not-needed,https://pubs.opengroup.org/onlinepubs/9699919799/functions/sigprocmask.html
124,process,<signal.h>,sigqueue,function,required,CX,implemented,libc/include/signal.h,userland/base/libc/mqueue.c|userland/base/libc/posix.c|userland/base/libc/signal.c,,,,,reviewed,,not-needed,https://pubs.opengroup.org/onlinepubs/9699919799/functions/sigqueue.html
125,process,<signal.h>,sigsuspend,function,required,CX,implemented,libc/include/signal.h,userland/base/libc/posix.c|userland/base/libc/signal.c,,,,,reviewed,,not-needed,https://pubs.opengroup.org/onlinepubs/9699919799/functions/sigsuspend.html
126,process,<signal.h>,sigtimedwait,function,required,CX,implemented,libc/include/signal.h,userland/base/libc/signal.c,,,userland/base/tests/posix-r2.c,,reviewed,,not-needed,https://pubs.opengroup.org/onlinepubs/9699919799/functions/sigtimedwait.html
127,process,<signal.h>,sigwait,function,required,CX,implemented,libc/include/signal.h,userland/base/libc/signal.c,,,,,reviewed,,not-needed,https://pubs.opengroup.org/onlinepubs/9699919799/functions/sigwait.html
128,process,<signal.h>,sigwaitinfo,function,required,CX,implemented,libc/include/signal.h,userland/base/libc/signal.c,,,,,reviewed,,not-needed,https://pubs.opengroup.org/onlinepubs/9699919799/functions/sigwaitinfo.html
129,process,<unistd.h>,sleep,function,required,,implemented,libc/include/unistd.h,userland/base/libc/posix.c,,,userland/base/tests/posix-r2.c,,reviewed,,not-needed,https://pubs.opengroup.org/onlinepubs/9699919799/functions/sleep.html
130,process,<unistd.h>,symlink,function,required,,implemented,libc/include/unistd.h,userland/base/libc/posix.c,,,userland/base/tests/posix-r2-remaining.c,,reviewed,,not-needed,https://pubs.opengroup.org/onlinepubs/9699919799/functions/symlink.html
131,process,<unistd.h>,symlinkat,function,required,,implemented,libc/include/unistd.h,userland/base/libc/posix.c,,,,,reviewed,,not-needed,https://pubs.opengroup.org/onlinepubs/9699919799/functions/symlinkat.html
132,process,<unistd.h>,sysconf,function,required,,implemented,libc/include/unistd.h,userland/base/libc/posix.c,,,,,reviewed,,not-needed,https://pubs.opengroup.org/onlinepubs/9699919799/functions/sysconf.html
133,process,<unistd.h>,tcgetpgrp,function,required,,implemented,libc/include/termios.h,userland/base/libc/termios.c,,,,,reviewed,,not-needed,https://pubs.opengroup.org/onlinepubs/9699919799/functions/tcgetpgrp.html
134,process,<unistd.h>,tcsetpgrp,function,required,,implemented,libc/include/termios.h,userland/base/libc/termios.c,,,,,reviewed,,not-needed,https://pubs.opengroup.org/onlinepubs/9699919799/functions/tcsetpgrp.html
135,process,<signal.h>,timer_create,function,required,CX,implemented,libc/include/time.h,userland/base/libc/posix.c,,,userland/base/tests/posix-r2.c,,reviewed,,not-needed,https://pubs.opengroup.org/onlinepubs/9699919799/functions/timer_create.html
136,process,<unistd.h>,truncate,function,required,,implemented,libc/include/unistd.h,userland/base/libc/posix.c,,,userland/base/tests/posix-r2-remaining.c,,reviewed,,not-needed,https://pubs.opengroup.org/onlinepubs/9699919799/functions/truncate.html
137,process,<unistd.h>,ttyname,function,required,,implemented,libc/include/unistd.h,userland/base/libc/posix.c,,,userland/base/tests/posix-r2.c,,reviewed,,not-needed,https://pubs.opengroup.org/onlinepubs/9699919799/functions/ttyname.html
138,process,<unistd.h>,ttyname_r,function,required,,implemented,libc/include/unistd.h,userland/base/libc/posix.c,,,userland/base/tests/posix-r2.c,,reviewed,,not-needed,https://pubs.opengroup.org/onlinepubs/9699919799/functions/ttyname_r.html
139,process,<unistd.h>,unlink,function,required,,implemented,libc/include/unistd.h,userland/base/libc/shm.c|userland/base/libc/posix.c,,,userland/base/tests/posix-r2.c,,reviewed,,not-needed,https://pubs.opengroup.org/onlinepubs/9699919799/functions/unlink.html
140,process,<unistd.h>,unlinkat,function,required,,implemented,libc/include/unistd.h,userland/base/libc/posix.c,,,,,reviewed,,not-needed,https://pubs.opengroup.org/onlinepubs/9699919799/functions/unlinkat.html
141,process,<sys/wait.h>,wait,function,required,,implemented,libc/include/sys/wait.h,userland/base/libc/posix.c,,,userland/base/tests/posix-r2.c,,reviewed,,not-needed,https://pubs.opengroup.org/onlinepubs/9699919799/functions/wait.html
142,process,<sys/wait.h>,waitid,function,required,,implemented,libc/include/sys/wait.h,userland/base/libc/posix.c,,,userland/base/tests/posix-r2.c,,reviewed,,not-needed,https://pubs.opengroup.org/onlinepubs/9699919799/functions/waitid.html
143,process,<sys/wait.h>,waitpid,function,required,,implemented,libc/include/sys/wait.h,userland/base/libc/posix.c,,,userland/base/tests/posix-r2.c,,reviewed,,not-needed,https://pubs.opengroup.org/onlinepubs/9699919799/functions/waitpid.html
144,process,<unistd.h>,write,function,required,,implemented,libc/include/unistd.h,userland/base/libc/posix.c,,,userland/base/tests/posix-r2.c,,reviewed,,not-needed,https://pubs.opengroup.org/onlinepubs/9699919799/functions/write.html
145,sockets,<sys/socket.h>,accept,function,required,,implemented,include/uapi/zedbsd/socket.h,userland/base/libc/socket.c,,,userland/base/tests/posix-r2.c,,reviewed,,not-needed,https://pubs.opengroup.org/onlinepubs/9699919799/functions/accept.html
146,sockets,<sys/socket.h>,bind,function,required,,implemented,include/uapi/zedbsd/socket.h,userland/base/libc/socket.c,,,userland/base/tests/posix-r2.c,,reviewed,,not-needed,https://pubs.opengroup.org/onlinepubs/9699919799/functions/bind.html
147,sockets,<sys/socket.h>,connect,function,required,,implemented,include/uapi/zedbsd/socket.h,userland/base/libc/socket.c|userland/base/libc/resolver.c,,,userland/base/tests/posix-r2.c,,reviewed,,not-needed,https://pubs.opengroup.org/onlinepubs/9699919799/functions/connect.html
148,sockets,<sys/socket.h>,freeaddrinfo,function,required,,implemented,libc/include/netdb.h,userland/base/libc/resolver.c,,,,,reviewed,,not-needed,https://pubs.opengroup.org/onlinepubs/9699919799/functions/freeaddrinfo.html
149,sockets,<sys/socket.h>,getaddrinfo,function,required,,implemented,libc/include/netdb.h,userland/base/libc/resolver.c,,,,,reviewed,,not-needed,https://pubs.opengroup.org/onlinepubs/9699919799/functions/getaddrinfo.html
150,sockets,<sys/socket.h>,getnameinfo,function,required,,implemented,libc/include/netdb.h,userland/base/libc/resolver.c,,,,,reviewed,,not-needed,https://pubs.opengroup.org/onlinepubs/9699919799/functions/getnameinfo.html
151,sockets,<sys/socket.h>,getpeername,function,required,,implemented,include/uapi/zedbsd/socket.h,userland/base/libc/socket.c,,,,,reviewed,,not-needed,https://pubs.opengroup.org/onlinepubs/9699919799/functions/getpeername.html
152,sockets,<sys/socket.h>,getsockname,function,required,,implemented,include/uapi/zedbsd/socket.h,userland/base/libc/socket.c,,,,,reviewed,,not-needed,https://pubs.opengroup.org/onlinepubs/9699919799/functions/getsockname.html
153,sockets,<sys/socket.h>,getsockopt,function,required,,implemented,include/uapi/zedbsd/socket.h,userland/base/libc/socket.c,,,userland/base/tests/posix-r2.c,,reviewed,,not-needed,https://pubs.opengroup.org/onlinepubs/9699919799/functions/getsockopt.html
154,sockets,<sys/socket.h>,listen,function,required,,implemented,include/uapi/zedbsd/socket.h,userland/base/libc/socket.c,,,userland/base/tests/posix-r2.c,,reviewed,,not-needed,https://pubs.opengroup.org/onlinepubs/9699919799/functions/listen.html
155,sockets,<sys/socket.h>,recv,function,required,,implemented,include/uapi/zedbsd/socket.h,userland/base/libc/socket.c|userland/base/libc/resolver.c,,,userland/base/tests/posix-r2.c,,reviewed,,not-needed,https://pubs.opengroup.org/onlinepubs/9699919799/functions/recv.html
156,sockets,<sys/socket.h>,recvfrom,function,required,,implemented,include/uapi/zedbsd/socket.h,userland/base/libc/socket.c|userland/base/libc/resolver.c,,,,,reviewed,,not-needed,https://pubs.opengroup.org/onlinepubs/9699919799/functions/recvfrom.html
157,sockets,<sys/socket.h>,recvmsg,function,required,,implemented,include/uapi/zedbsd/socket.h,userland/base/libc/socket.c,,,userland/base/tests/posix-r2.c,,reviewed,,not-needed,https://pubs.opengroup.org/onlinepubs/9699919799/functions/recvmsg.html
158,sockets,<sys/socket.h>,send,function,required,,implemented,include/uapi/zedbsd/socket.h,userland/base/libc/socket.c|userland/base/libc/resolver.c,,,userland/base/tests/posix-r2.c,,reviewed,,not-needed,https://pubs.opengroup.org/onlinepubs/9699919799/functions/send.html
159,sockets,<sys/socket.h>,sendmsg,function,required,,implemented,include/uapi/zedbsd/socket.h,userland/base/libc/socket.c,,,userland/base/tests/posix-r2.c,,reviewed,,not-needed,https://pubs.opengroup.org/onlinepubs/9699919799/functions/sendmsg.html
160,sockets,<sys/socket.h>,sendto,function,required,,implemented,include/uapi/zedbsd/socket.h,userland/base/libc/socket.c|userland/base/libc/resolver.c,,,userland/base/tests/posix-r2.c,,reviewed,,not-needed,https://pubs.opengroup.org/onlinepubs/9699919799/functions/sendto.html
161,sockets,<sys/socket.h>,setsockopt,function,required,,implemented,include/uapi/zedbsd/socket.h,userland/base/libc/socket.c|userland/base/libc/resolver.c,,,userland/base/tests/posix-r2.c,,reviewed,,not-needed,https://pubs.opengroup.org/onlinepubs/9699919799/functions/setsockopt.html
162,sockets,<sys/socket.h>,shutdown,function,required,,implemented,include/uapi/zedbsd/socket.h,userland/base/libc/socket.c,,,,,reviewed,,not-needed,https://pubs.opengroup.org/onlinepubs/9699919799/functions/shutdown.html
163,sockets,<sys/socket.h>,sockatmark,function,required,,implemented,include/uapi/zedbsd/socket.h,userland/base/libc/socket.c,,,userland/base/tests/posix-r2-remaining.c,,reviewed,,not-needed,https://pubs.opengroup.org/onlinepubs/9699919799/functions/sockatmark.html
164,sockets,<sys/socket.h>,socket,function,required,,implemented,libc/include/netdb.h|libc/include/netpacket/packet.h|libc/include/sys/un.h|libc/include/sys/socket.h,userland/base/libc/socket.c|userland/base/libc/resolver.c,,,userland/base/tests/posix-r2.c,,reviewed,,not-needed,https://pubs.opengroup.org/onlinepubs/9699919799/functions/socket.html
165,sockets,<sys/socket.h>,socketpair,function,required,,implemented,include/uapi/zedbsd/socket.h,userland/base/libc/socket.c,,,userland/base/tests/posix-r2.c,,reviewed,,not-needed,https://pubs.opengroup.org/onlinepubs/9699919799/functions/socketpair.html
166,synchronization,<sched.h>,sched_yield,function,required,,implemented,libc/include/sched.h,userland/base/libc/posix.c,,,userland/base/tests/posix-r2-remaining.c,,reviewed,,not-needed,https://pubs.opengroup.org/onlinepubs/9699919799/functions/sched_yield.html
167,synchronization,<semaphore.h>,sem_close,function,required,,implemented,libc/include/semaphore.h,userland/base/libc/semaphore.c,,,,,reviewed,,not-needed,https://pubs.opengroup.org/onlinepubs/9699919799/functions/sem_close.html
168,synchronization,<semaphore.h>,sem_destroy,function,required,,implemented,libc/include/semaphore.h,userland/base/libc/semaphore.c,,,userland/base/tests/posix-r2.c,,reviewed,,not-needed,https://pubs.opengroup.org/onlinepubs/9699919799/functions/sem_destroy.html
169,synchronization,<semaphore.h>,sem_getvalue,function,required,,implemented,libc/include/semaphore.h,userland/base/libc/semaphore.c,,,,,reviewed,,not-needed,https://pubs.opengroup.org/onlinepubs/9699919799/functions/sem_getvalue.html
170,synchronization,<semaphore.h>,sem_init,function,required,,implemented,libc/include/semaphore.h,userland/base/libc/semaphore.c,,,userland/base/tests/posix-r2.c,,reviewed,,not-needed,https://pubs.opengroup.org/onlinepubs/9699919799/functions/sem_init.html
171,synchronization,<semaphore.h>,sem_open,function,required,,implemented,libc/include/semaphore.h,userland/base/libc/semaphore.c,,,,,reviewed,,not-needed,https://pubs.opengroup.org/onlinepubs/9699919799/functions/sem_open.html
172,synchronization,<semaphore.h>,sem_post,function,required,,implemented,libc/include/semaphore.h,userland/base/libc/semaphore.c,,,userland/base/tests/posix-r2.c,,reviewed,,not-needed,https://pubs.opengroup.org/onlinepubs/9699919799/functions/sem_post.html
173,synchronization,<semaphore.h>,sem_timedwait,function,required,,implemented,libc/include/semaphore.h,userland/base/libc/semaphore.c,,,,,reviewed,,not-needed,https://pubs.opengroup.org/onlinepubs/9699919799/functions/sem_timedwait.html
174,synchronization,<semaphore.h>,sem_trywait,function,required,,implemented,libc/include/semaphore.h,userland/base/libc/semaphore.c,,,,,reviewed,,not-needed,https://pubs.opengroup.org/onlinepubs/9699919799/functions/sem_trywait.html
175,synchronization,<semaphore.h>,sem_unlink,function,required,,implemented,libc/include/semaphore.h,userland/base/libc/semaphore.c,,,,,reviewed,,not-needed,https://pubs.opengroup.org/onlinepubs/9699919799/functions/sem_unlink.html
176,synchronization,<semaphore.h>,sem_wait,function,required,,implemented,libc/include/semaphore.h,userland/base/libc/semaphore.c,,,userland/base/tests/posix-r2.c,,reviewed,,not-needed,https://pubs.opengroup.org/onlinepubs/9699919799/functions/sem_wait.html
177,terminal,<termios.h>,cfgetispeed,function,required,,implemented,libc/include/termios.h,userland/base/libc/termios.c,,,,,reviewed,,not-needed,https://pubs.opengroup.org/onlinepubs/9699919799/functions/cfgetispeed.html
178,terminal,<termios.h>,cfgetospeed,function,required,,implemented,libc/include/termios.h,userland/base/libc/termios.c,,,,,reviewed,,not-needed,https://pubs.opengroup.org/onlinepubs/9699919799/functions/cfgetospeed.html
179,terminal,<termios.h>,cfsetispeed,function,required,,implemented,libc/include/termios.h,userland/base/libc/termios.c,,,,,reviewed,,not-needed,https://pubs.opengroup.org/onlinepubs/9699919799/functions/cfsetispeed.html
180,terminal,<termios.h>,cfsetospeed,function,required,,implemented,libc/include/termios.h,userland/base/libc/termios.c,,,,,reviewed,,not-needed,https://pubs.opengroup.org/onlinepubs/9699919799/functions/cfsetospeed.html
181,terminal,<termios.h>,tcdrain,function,required,,implemented,libc/include/termios.h,userland/base/libc/termios.c,,,,,reviewed,,not-needed,https://pubs.opengroup.org/onlinepubs/9699919799/functions/tcdrain.html
182,terminal,<termios.h>,tcflow,function,required,,implemented,libc/include/termios.h,userland/base/libc/termios.c,,,,,reviewed,,not-needed,https://pubs.opengroup.org/onlinepubs/9699919799/functions/tcflow.html
183,terminal,<termios.h>,tcflush,function,required,,implemented,libc/include/termios.h,userland/base/libc/termios.c,,,,,reviewed,,not-needed,https://pubs.opengroup.org/onlinepubs/9699919799/functions/tcflush.html
184,terminal,<termios.h>,tcgetattr,function,required,,implemented,libc/include/termios.h,userland/base/libc/termios.c,,,,,reviewed,,not-needed,https://pubs.opengroup.org/onlinepubs/9699919799/functions/tcgetattr.html
185,terminal,<termios.h>,tcgetsid,function,required,,implemented,libc/include/termios.h,userland/base/libc/termios.c,,,userland/base/tests/posix-r2-remaining.c,,reviewed,,not-needed,https://pubs.opengroup.org/onlinepubs/9699919799/functions/tcgetsid.html
186,terminal,<termios.h>,tcsendbreak,function,required,,implemented,libc/include/termios.h,userland/base/libc/termios.c,,,userland/base/tests/posix-r2-remaining.c,,reviewed,,not-needed,https://pubs.opengroup.org/onlinepubs/9699919799/functions/tcsendbreak.html
187,terminal,<termios.h>,tcsetattr,function,required,,implemented,libc/include/termios.h,userland/base/libc/termios.c,,,,,reviewed,,not-needed,https://pubs.opengroup.org/onlinepubs/9699919799/functions/tcsetattr.html
188,threads,<pthread.h>,pthread_atfork,function,required,,implemented,libc/include/pthread.h,userland/base/libc/pthread.c,,,userland/base/tests/posix-r2.c,,reviewed,,not-needed,https://pubs.opengroup.org/onlinepubs/9699919799/functions/pthread_atfork.html
189,threads,<pthread.h>,pthread_attr_destroy,function,required,,implemented,libc/include/pthread.h,userland/base/libc/pthread.c,,,userland/base/tests/posix-r2.c,,reviewed,,not-needed,https://pubs.opengroup.org/onlinepubs/9699919799/functions/pthread_attr_destroy.html
190,threads,<pthread.h>,pthread_attr_getdetachstate,function,required,,implemented,libc/include/pthread.h,userland/base/libc/pthread.c,,,,,reviewed,,not-needed,https://pubs.opengroup.org/onlinepubs/9699919799/functions/pthread_attr_getdetachstate.html
191,threads,<pthread.h>,pthread_attr_getguardsize,function,required,,implemented,libc/include/pthread.h,userland/base/libc/pthread.c,,,,,reviewed,,not-needed,https://pubs.opengroup.org/onlinepubs/9699919799/functions/pthread_attr_getguardsize.html
192,threads,<pthread.h>,pthread_attr_getschedparam,function,required,,implemented,libc/include/pthread.h,userland/base/libc/pthread.c,,,userland/base/tests/posix-r2-remaining.c,,reviewed,,not-needed,https://pubs.opengroup.org/onlinepubs/9699919799/functions/pthread_attr_getschedparam.html
193,threads,<pthread.h>,pthread_attr_init,function,required,,implemented,libc/include/pthread.h,userland/base/libc/pthread.c,,,userland/base/tests/posix-r2.c,,reviewed,,not-needed,https://pubs.opengroup.org/onlinepubs/9699919799/functions/pthread_attr_init.html
194,threads,<pthread.h>,pthread_attr_setdetachstate,function,required,,implemented,libc/include/pthread.h,userland/base/libc/pthread.c,,,userland/base/tests/posix-r2.c,,reviewed,,not-needed,https://pubs.opengroup.org/onlinepubs/9699919799/functions/pthread_attr_setdetachstate.html
195,threads,<pthread.h>,pthread_attr_setguardsize,function,required,,implemented,libc/include/pthread.h,userland/base/libc/pthread.c,,,,,reviewed,,not-needed,https://pubs.opengroup.org/onlinepubs/9699919799/functions/pthread_attr_setguardsize.html
196,threads,<pthread.h>,pthread_attr_setschedparam,function,required,,implemented,libc/include/pthread.h,userland/base/libc/pthread.c,,,,,reviewed,,not-needed,https://pubs.opengroup.org/onlinepubs/9699919799/functions/pthread_attr_setschedparam.html
197,threads,<pthread.h>,pthread_barrier_destroy,function,required,,implemented,libc/include/pthread.h,userland/base/libc/pthread.c,,,userland/base/tests/posix-r2.c,,reviewed,,not-needed,https://pubs.opengroup.org/onlinepubs/9699919799/functions/pthread_barrier_destroy.html
198,threads,<pthread.h>,pthread_barrier_init,function,required,,implemented,libc/include/pthread.h,userland/base/libc/pthread.c,,,userland/base/tests/posix-r2.c,,reviewed,,not-needed,https://pubs.opengroup.org/onlinepubs/9699919799/functions/pthread_barrier_init.html
199,threads,<pthread.h>,pthread_barrier_wait,function,required,,implemented,libc/include/pthread.h,userland/base/libc/pthread.c,,,userland/base/tests/posix-r2.c,,reviewed,,not-needed,https://pubs.opengroup.org/onlinepubs/9699919799/functions/pthread_barrier_wait.html
200,threads,<pthread.h>,pthread_barrierattr_destroy,function,required,,implemented,libc/include/pthread.h,userland/base/libc/pthread.c,,,,,reviewed,,not-needed,https://pubs.opengroup.org/onlinepubs/9699919799/functions/pthread_barrierattr_destroy.html
201,threads,<pthread.h>,pthread_barrierattr_init,function,required,,implemented,libc/include/pthread.h,userland/base/libc/pthread.c,,,,,reviewed,,not-needed,https://pubs.opengroup.org/onlinepubs/9699919799/functions/pthread_barrierattr_init.html
202,threads,<pthread.h>,pthread_cancel,function,required,,implemented,libc/include/pthread.h,userland/base/libc/pthread.c,,,userland/base/tests/posix-r2.c,,reviewed,,not-needed,https://pubs.opengroup.org/onlinepubs/9699919799/functions/pthread_cancel.html
203,threads,<pthread.h>,pthread_cleanup_pop,function,required,,implemented,libc/include/pthread.h,,,,userland/base/tests/posix-r2.c,,reviewed,,not-needed,https://pubs.opengroup.org/onlinepubs/9699919799/functions/pthread_cleanup_pop.html
204,threads,<pthread.h>,pthread_cleanup_push,function,required,,implemented,libc/include/pthread.h,,,,userland/base/tests/posix-r2.c,,reviewed,,not-needed,https://pubs.opengroup.org/onlinepubs/9699919799/functions/pthread_cleanup_push.html
205,threads,<pthread.h>,pthread_cond_broadcast,function,required,,implemented,libc/include/pthread.h,userland/base/libc/pthread.c,,,,,reviewed,,not-needed,https://pubs.opengroup.org/onlinepubs/9699919799/functions/pthread_cond_broadcast.html
206,threads,<pthread.h>,pthread_cond_destroy,function,required,,implemented,libc/include/pthread.h,userland/base/libc/pthread.c,,,,,reviewed,,not-needed,https://pubs.opengroup.org/onlinepubs/9699919799/functions/pthread_cond_destroy.html
207,threads,<pthread.h>,pthread_cond_init,function,required,,implemented,libc/include/pthread.h,userland/base/libc/pthread.c,,,,,reviewed,,not-needed,https://pubs.opengroup.org/onlinepubs/9699919799/functions/pthread_cond_init.html
208,threads,<pthread.h>,pthread_cond_signal,function,required,,implemented,libc/include/pthread.h,userland/base/libc/pthread.c,,,,,reviewed,,not-needed,https://pubs.opengroup.org/onlinepubs/9699919799/functions/pthread_cond_signal.html
209,threads,<pthread.h>,pthread_cond_timedwait,function,required,,implemented,libc/include/pthread.h,userland/base/libc/pthread.c,,,,,reviewed,,not-needed,https://pubs.opengroup.org/onlinepubs/9699919799/functions/pthread_cond_timedwait.html
210,threads,<pthread.h>,pthread_cond_wait,function,required,,implemented,libc/include/pthread.h,userland/base/libc/pthread.c,,,,,reviewed,,not-needed,https://pubs.opengroup.org/onlinepubs/9699919799/functions/pthread_cond_wait.html
211,threads,<pthread.h>,pthread_condattr_destroy,function,required,,implemented,libc/include/pthread.h,userland/base/libc/pthread.c,,,,,reviewed,,not-needed,https://pubs.opengroup.org/onlinepubs/9699919799/functions/pthread_condattr_destroy.html
212,threads,<pthread.h>,pthread_condattr_getclock,function,required,,implemented,libc/include/pthread.h,userland/base/libc/pthread.c,,,,,reviewed,,not-needed,https://pubs.opengroup.org/onlinepubs/9699919799/functions/pthread_condattr_getclock.html
213,threads,<pthread.h>,pthread_condattr_init,function,required,,implemented,libc/include/pthread.h,userland/base/libc/pthread.c,,,,,reviewed,,not-needed,https://pubs.opengroup.org/onlinepubs/9699919799/functions/pthread_condattr_init.html
214,threads,<pthread.h>,pthread_condattr_setclock,function,required,,implemented,libc/include/pthread.h,userland/base/libc/pthread.c,,,,,reviewed,,not-needed,https://pubs.opengroup.org/onlinepubs/9699919799/functions/pthread_condattr_setclock.html
215,threads,<pthread.h>,pthread_create,function,required,,implemented,libc/include/pthread.h,userland/base/libc/pthread.c,,,userland/base/tests/posix-r2.c,,reviewed,,not-needed,https://pubs.opengroup.org/onlinepubs/9699919799/functions/pthread_create.html
216,threads,<pthread.h>,pthread_detach,function,required,,implemented,libc/include/pthread.h,userland/base/libc/pthread.c,,,userland/base/tests/posix-r2.c,,reviewed,,not-needed,https://pubs.opengroup.org/onlinepubs/9699919799/functions/pthread_detach.html
217,threads,<pthread.h>,pthread_equal,function,required,,implemented,libc/include/pthread.h,userland/base/libc/pthread.c,,,,,reviewed,,not-needed,https://pubs.opengroup.org/onlinepubs/9699919799/functions/pthread_equal.html
218,threads,<pthread.h>,pthread_exit,function,required,,implemented,libc/include/pthread.h,userland/base/libc/pthread.c,,,,,reviewed,,not-needed,https://pubs.opengroup.org/onlinepubs/9699919799/functions/pthread_exit.html
219,threads,<pthread.h>,pthread_getspecific,function,required,,implemented,libc/include/pthread.h,userland/base/libc/pthread.c,,,,,reviewed,,not-needed,https://pubs.opengroup.org/onlinepubs/9699919799/functions/pthread_getspecific.html
220,threads,<pthread.h>,pthread_join,function,required,,implemented,libc/include/pthread.h,userland/base/libc/pthread.c,,,userland/base/tests/posix-r2.c,,reviewed,,not-needed,https://pubs.opengroup.org/onlinepubs/9699919799/functions/pthread_join.html
221,threads,<pthread.h>,pthread_key_create,function,required,,implemented,libc/include/pthread.h,userland/base/libc/pthread.c,,,,,reviewed,,not-needed,https://pubs.opengroup.org/onlinepubs/9699919799/functions/pthread_key_create.html
222,threads,<pthread.h>,pthread_key_delete,function,required,,implemented,libc/include/pthread.h,userland/base/libc/pthread.c,,,,,reviewed,,not-needed,https://pubs.opengroup.org/onlinepubs/9699919799/functions/pthread_key_delete.html
223,threads,<pthread.h>,pthread_mutex_consistent,function,required,,implemented,libc/include/pthread.h,userland/base/libc/pthread.c,,,,,reviewed,,not-needed,https://pubs.opengroup.org/onlinepubs/9699919799/functions/pthread_mutex_consistent.html
224,threads,<pthread.h>,pthread_mutex_destroy,function,required,,implemented,libc/include/pthread.h,userland/base/libc/pthread.c,,,,,reviewed,,not-needed,https://pubs.opengroup.org/onlinepubs/9699919799/functions/pthread_mutex_destroy.html
225,threads,<pthread.h>,pthread_mutex_init,function,required,,implemented,libc/include/pthread.h,userland/base/libc/pthread.c,,,,,reviewed,Extending pthread_mutex_t left the static initializer one field short under -Werror.,fixed,https://pubs.opengroup.org/onlinepubs/9699919799/functions/pthread_mutex_init.html
226,threads,<pthread.h>,pthread_mutex_lock,function,required,,implemented,libc/include/pthread.h,userland/base/libc/account.c|userland/base/libc/utmpx.c|userland/base/libc/pthread.c|userland/base/libc/resolver.c,,,userland/base/tests/posix-r2.c,,reviewed,,not-needed,https://pubs.opengroup.org/onlinepubs/9699919799/functions/pthread_mutex_lock.html
227,threads,<pthread.h>,pthread_mutex_timedlock,function,required,,implemented,libc/include/pthread.h,userland/base/libc/pthread.c,,,,,reviewed,,not-needed,https://pubs.opengroup.org/onlinepubs/9699919799/functions/pthread_mutex_timedlock.html
228,threads,<pthread.h>,pthread_mutex_trylock,function,required,,implemented,libc/include/pthread.h,userland/base/libc/pthread.c,,,,,reviewed,,not-needed,https://pubs.opengroup.org/onlinepubs/9699919799/functions/pthread_mutex_trylock.html
229,threads,<pthread.h>,pthread_mutex_unlock,function,required,,implemented,libc/include/pthread.h,userland/base/libc/account.c|userland/base/libc/utmpx.c|userland/base/libc/pthread.c|userland/base/libc/resolver.c,,,userland/base/tests/posix-r2.c,,reviewed,,not-needed,https://pubs.opengroup.org/onlinepubs/9699919799/functions/pthread_mutex_unlock.html
230,threads,<pthread.h>,pthread_mutexattr_destroy,function,required,,implemented,libc/include/pthread.h,userland/base/libc/pthread.c,,,,,reviewed,,not-needed,https://pubs.opengroup.org/onlinepubs/9699919799/functions/pthread_mutexattr_destroy.html
231,threads,<pthread.h>,pthread_mutexattr_getrobust,function,required,,implemented,libc/include/pthread.h,userland/base/libc/pthread.c,,,,,reviewed,,not-needed,https://pubs.opengroup.org/onlinepubs/9699919799/functions/pthread_mutexattr_getrobust.html
232,threads,<pthread.h>,pthread_mutexattr_gettype,function,required,,implemented,libc/include/pthread.h,userland/base/libc/pthread.c,,,,,reviewed,,not-needed,https://pubs.opengroup.org/onlinepubs/9699919799/functions/pthread_mutexattr_gettype.html
233,threads,<pthread.h>,pthread_mutexattr_init,function,required,,implemented,libc/include/pthread.h,userland/base/libc/pthread.c,,,,,reviewed,,not-needed,https://pubs.opengroup.org/onlinepubs/9699919799/functions/pthread_mutexattr_init.html
234,threads,<pthread.h>,pthread_mutexattr_setrobust,function,required,,implemented,libc/include/pthread.h,userland/base/libc/pthread.c,,,,,reviewed,,not-needed,https://pubs.opengroup.org/onlinepubs/9699919799/functions/pthread_mutexattr_setrobust.html
235,threads,<pthread.h>,pthread_mutexattr_settype,function,required,,implemented,libc/include/pthread.h,userland/base/libc/pthread.c,,,,,reviewed,,not-needed,https://pubs.opengroup.org/onlinepubs/9699919799/functions/pthread_mutexattr_settype.html
236,threads,<pthread.h>,pthread_once,function,required,,implemented,libc/include/pthread.h,userland/base/libc/pthread.c,,,,,reviewed,,not-needed,https://pubs.opengroup.org/onlinepubs/9699919799/functions/pthread_once.html
237,threads,<pthread.h>,pthread_rwlock_destroy,function,required,,implemented,libc/include/pthread.h,userland/base/libc/pthread.c,,,,,reviewed,,not-needed,https://pubs.opengroup.org/onlinepubs/9699919799/functions/pthread_rwlock_destroy.html
238,threads,<pthread.h>,pthread_rwlock_init,function,required,,implemented,libc/include/pthread.h,userland/base/libc/pthread.c,,,,,reviewed,,not-needed,https://pubs.opengroup.org/onlinepubs/9699919799/functions/pthread_rwlock_init.html
239,threads,<pthread.h>,pthread_rwlock_rdlock,function,required,,implemented,libc/include/pthread.h,userland/base/libc/pthread.c,,,,,reviewed,,not-needed,https://pubs.opengroup.org/onlinepubs/9699919799/functions/pthread_rwlock_rdlock.html
240,threads,<pthread.h>,pthread_rwlock_timedrdlock,function,required,,implemented,libc/include/pthread.h,userland/base/libc/pthread.c,,,,,reviewed,,not-needed,https://pubs.opengroup.org/onlinepubs/9699919799/functions/pthread_rwlock_timedrdlock.html
241,threads,<pthread.h>,pthread_rwlock_timedwrlock,function,required,,implemented,libc/include/pthread.h,userland/base/libc/pthread.c,,,,,reviewed,,not-needed,https://pubs.opengroup.org/onlinepubs/9699919799/functions/pthread_rwlock_timedwrlock.html
242,threads,<pthread.h>,pthread_rwlock_tryrdlock,function,required,,implemented,libc/include/pthread.h,userland/base/libc/pthread.c,,,,,reviewed,,not-needed,https://pubs.opengroup.org/onlinepubs/9699919799/functions/pthread_rwlock_tryrdlock.html
243,threads,<pthread.h>,pthread_rwlock_trywrlock,function,required,,implemented,libc/include/pthread.h,userland/base/libc/pthread.c,,,,,reviewed,,not-needed,https://pubs.opengroup.org/onlinepubs/9699919799/functions/pthread_rwlock_trywrlock.html
244,threads,<pthread.h>,pthread_rwlock_unlock,function,required,,implemented,libc/include/pthread.h,userland/base/libc/pthread.c,,,userland/base/tests/posix-r2.c,,reviewed,,not-needed,https://pubs.opengroup.org/onlinepubs/9699919799/functions/pthread_rwlock_unlock.html
245,threads,<pthread.h>,pthread_rwlock_wrlock,function,required,,implemented,libc/include/pthread.h,userland/base/libc/pthread.c,,,userland/base/tests/posix-r2.c,,reviewed,,not-needed,https://pubs.opengroup.org/onlinepubs/9699919799/functions/pthread_rwlock_wrlock.html
246,threads,<pthread.h>,pthread_rwlockattr_destroy,function,required,,implemented,libc/include/pthread.h,userland/base/libc/pthread.c,,,,,reviewed,,not-needed,https://pubs.opengroup.org/onlinepubs/9699919799/functions/pthread_rwlockattr_destroy.html
247,threads,<pthread.h>,pthread_rwlockattr_init,function,required,,implemented,libc/include/pthread.h,userland/base/libc/pthread.c,,,,,reviewed,,not-needed,https://pubs.opengroup.org/onlinepubs/9699919799/functions/pthread_rwlockattr_init.html
248,threads,<pthread.h>,pthread_self,function,required,,implemented,libc/include/pthread.h,userland/base/libc/pthread.c,,,,,reviewed,,not-needed,https://pubs.opengroup.org/onlinepubs/9699919799/functions/pthread_self.html
249,threads,<pthread.h>,pthread_setcancelstate,function,required,,implemented,libc/include/pthread.h,userland/base/libc/posix.c|userland/base/libc/pthread.c,,,,,reviewed,,not-needed,https://pubs.opengroup.org/onlinepubs/9699919799/functions/pthread_setcancelstate.html
250,threads,<pthread.h>,pthread_setcanceltype,function,required,,implemented,libc/include/pthread.h,userland/base/libc/pthread.c,,,,,reviewed,,not-needed,https://pubs.opengroup.org/onlinepubs/9699919799/functions/pthread_setcanceltype.html
251,threads,<pthread.h>,pthread_setspecific,function,required,,implemented,libc/include/pthread.h,userland/base/libc/pthread.c,,,,,reviewed,,not-needed,https://pubs.opengroup.org/onlinepubs/9699919799/functions/pthread_setspecific.html
252,threads,<pthread.h>,pthread_spin_destroy,function,required,,implemented,libc/include/pthread.h,userland/base/libc/pthread.c,,,userland/base/tests/posix-r2.c,,reviewed,,not-needed,https://pubs.opengroup.org/onlinepubs/9699919799/functions/pthread_spin_destroy.html
253,threads,<pthread.h>,pthread_spin_init,function,required,,implemented,libc/include/pthread.h,userland/base/libc/pthread.c,,,userland/base/tests/posix-r2.c,,reviewed,,not-needed,https://pubs.opengroup.org/onlinepubs/9699919799/functions/pthread_spin_init.html
254,threads,<pthread.h>,pthread_spin_lock,function,required,,implemented,libc/include/pthread.h,userland/base/libc/pthread.c,,,userland/base/tests/posix-r2.c,,reviewed,,not-needed,https://pubs.opengroup.org/onlinepubs/9699919799/functions/pthread_spin_lock.html
255,threads,<pthread.h>,pthread_spin_trylock,function,required,,implemented,libc/include/pthread.h,userland/base/libc/pthread.c,,,,,reviewed,,not-needed,https://pubs.opengroup.org/onlinepubs/9699919799/functions/pthread_spin_trylock.html
256,threads,<pthread.h>,pthread_spin_unlock,function,required,,implemented,libc/include/pthread.h,userland/base/libc/pthread.c,,,userland/base/tests/posix-r2.c,,reviewed,,not-needed,https://pubs.opengroup.org/onlinepubs/9699919799/functions/pthread_spin_unlock.html
257,threads,<pthread.h>,pthread_testcancel,function,required,,implemented,libc/include/pthread.h,userland/base/libc/pthread.c,,,,,reviewed,,not-needed,https://pubs.opengroup.org/onlinepubs/9699919799/functions/pthread_testcancel.html
258,time-resource,<time.h>,asctime,function,required,OB,implemented,libc/include/time.h,userland/base/libc/posix.c,,,,,reviewed,,not-needed,https://pubs.opengroup.org/onlinepubs/9699919799/functions/asctime.html
259,time-resource,<time.h>,asctime_r,function,required,CX OB,implemented,libc/include/time.h,userland/base/libc/posix.c,,,,,reviewed,,not-needed,https://pubs.opengroup.org/onlinepubs/9699919799/functions/asctime_r.html
260,time-resource,<time.h>,clock,function,required,,implemented,libc/include/pthread.h|libc/include/time.h,userland/base/libc/posix.c,,,userland/base/tests/posix-r2.c,,reviewed,"The first implementation reported monotonic uptime, not CPU time consumed by the process.",fixed,https://pubs.opengroup.org/onlinepubs/9699919799/functions/clock.html
261,time-resource,<time.h>,clock_getres,function,required,CX,implemented,libc/include/time.h,userland/base/libc/posix.c,,,,,reviewed,,not-needed,https://pubs.opengroup.org/onlinepubs/9699919799/functions/clock_getres.html
262,time-resource,<time.h>,clock_gettime,function,required,CX,implemented,libc/include/time.h,userland/base/libc/mqueue.c|userland/base/libc/posix.c|userland/base/libc/pthread.c|userland/base/libc/semaphore.c,,,userland/base/tests/posix-r2.c,,reviewed,,not-needed,https://pubs.opengroup.org/onlinepubs/9699919799/functions/clock_gettime.html
263,time-resource,<time.h>,clock_nanosleep,function,required,CX,implemented,libc/include/time.h,userland/base/libc/posix.c,,,userland/base/tests/posix-r2.c,,reviewed,,not-needed,https://pubs.opengroup.org/onlinepubs/9699919799/functions/clock_nanosleep.html
264,time-resource,<time.h>,clock_settime,function,required,CX,implemented,libc/include/time.h,userland/base/libc/posix.c,,,,,reviewed,,not-needed,https://pubs.opengroup.org/onlinepubs/9699919799/functions/clock_settime.html
265,time-resource,<time.h>,ctime,function,required,OB,implemented,libc/include/time.h,userland/base/libc/posix.c,,,,,reviewed,,not-needed,https://pubs.opengroup.org/onlinepubs/9699919799/functions/ctime.html
266,time-resource,<time.h>,ctime_r,function,required,CX OB,implemented,libc/include/time.h,userland/base/libc/posix.c,,,,,reviewed,,not-needed,https://pubs.opengroup.org/onlinepubs/9699919799/functions/ctime_r.html
267,time-resource,<time.h>,difftime,function,required,,implemented,libc/include/time.h,userland/base/libc/posix.c,,,,,reviewed,,not-needed,https://pubs.opengroup.org/onlinepubs/9699919799/functions/difftime.html
268,time-resource,<time.h>,gmtime,function,required,,implemented,libc/include/time.h,userland/base/libc/posix.c,,,userland/base/tests/posix-r2-remaining.c,,reviewed,,not-needed,https://pubs.opengroup.org/onlinepubs/9699919799/functions/gmtime.html
269,time-resource,<time.h>,gmtime_r,function,required,CX,implemented,libc/include/time.h,userland/base/libc/posix.c,,,userland/base/tests/posix-r2-remaining.c,,reviewed,,not-needed,https://pubs.opengroup.org/onlinepubs/9699919799/functions/gmtime_r.html
270,time-resource,<time.h>,localtime,function,required,,implemented,libc/include/time.h,userland/base/libc/posix.c,,,,,reviewed,,not-needed,https://pubs.opengroup.org/onlinepubs/9699919799/functions/localtime.html
271,time-resource,<time.h>,localtime_r,function,required,CX,implemented,libc/include/time.h,userland/base/libc/posix.c,,,,,reviewed,,not-needed,https://pubs.opengroup.org/onlinepubs/9699919799/functions/localtime_r.html
272,time-resource,<time.h>,mktime,function,required,,implemented,libc/include/time.h,userland/base/libc/posix.c,,,,,reviewed,,not-needed,https://pubs.opengroup.org/onlinepubs/9699919799/functions/mktime.html
273,time-resource,<time.h>,nanosleep,function,required,CX,implemented,libc/include/time.h,userland/base/libc/posix.c,,,userland/base/tests/posix-r2.c,,reviewed,,not-needed,https://pubs.opengroup.org/onlinepubs/9699919799/functions/nanosleep.html
274,time-resource,<time.h>,strftime,function,required,,implemented,libc/include/time.h,userland/base/libc/posix.c,,,userland/base/tests/posix-r2-remaining.c,,reviewed,"The initial formatter omitted the mandatory ISO week conversions %g, %G, and %V.",fixed,https://pubs.opengroup.org/onlinepubs/9699919799/functions/strftime.html
275,time-resource,<time.h>,strftime_l,function,required,CX,implemented,libc/include/time.h,userland/base/libc/posix.c,,,,,reviewed,"The initial formatter omitted the mandatory ISO week conversions %g, %G, and %V.",fixed,https://pubs.opengroup.org/onlinepubs/9699919799/functions/strftime_l.html
276,time-resource,<time.h>,time,function,required,,implemented,libc/include/pthread.h|libc/include/signal.h|libc/include/poll.h|libc/include/time.h,libc/stdio.c|userland/base/libc/posix.c,,,userland/base/tests/posix-r2.c,,reviewed,,not-needed,https://pubs.opengroup.org/onlinepubs/9699919799/functions/time.html
277,time-resource,<time.h>,timer_delete,function,required,CX,implemented,libc/include/time.h,userland/base/libc/posix.c,,,userland/base/tests/posix-r2.c,,reviewed,,not-needed,https://pubs.opengroup.org/onlinepubs/9699919799/functions/timer_delete.html
278,time-resource,<time.h>,timer_getoverrun,function,required,CX,implemented,libc/include/time.h,userland/base/libc/posix.c,,,userland/base/tests/posix-r2.c,,reviewed,,not-needed,https://pubs.opengroup.org/onlinepubs/9699919799/functions/timer_getoverrun.html
279,time-resource,<time.h>,timer_gettime,function,required,CX,implemented,libc/include/time.h,userland/base/libc/posix.c,,,userland/base/tests/posix-r2.c,,reviewed,,not-needed,https://pubs.opengroup.org/onlinepubs/9699919799/functions/timer_gettime.html
280,time-resource,<time.h>,timer_settime,function,required,CX,implemented,libc/include/time.h,userland/base/libc/posix.c,,,userland/base/tests/posix-r2.c,,reviewed,,not-needed,https://pubs.opengroup.org/onlinepubs/9699919799/functions/timer_settime.html
281,time-resource,<sys/times.h>,times,function,required,,implemented,libc/include/sys/times.h,userland/base/libc/posix.c,,,userland/base/tests/posix-r2-remaining.c,,reviewed,The first implementation reported elapsed uptime as user CPU and omitted waited-child CPU time.,fixed,https://pubs.opengroup.org/onlinepubs/9699919799/functions/times.html
282,time-resource,<time.h>,tzname,data,required,CX,implemented,libc/include/time.h,,,,,,reviewed,,not-needed,https://pubs.opengroup.org/onlinepubs/9699919799/functions/tzname.html
283,time-resource,<time.h>,tzset,function,required,CX,implemented,libc/include/time.h,userland/base/libc/posix.c,,,,,reviewed,The initial parser handled fixed offsets only and ignored POSIX daylight transition rules.,fixed,https://pubs.opengroup.org/onlinepubs/9699919799/functions/tzset.html
