old	new
console_device_register	drv_console_device_register
console_input_ownership_test_drain	drv_console_input_ownership_test_drain
console_input_ownership_test_pop	drv_console_input_ownership_test_pop
console_input_ownership_test_publish	drv_console_input_ownership_test_publish
console_input_ownership_test_reset	drv_console_input_ownership_test_reset
console_input_ownership_test_state	drv_console_input_ownership_test_state
console_input_poll_event	drv_console_input_poll_event
console_input_read_event	drv_console_input_read_event
dp8390_attach	drv_dp8390_attach
dp8390_interrupt	drv_dp8390_interrupt
dp8390_read_prom	drv_dp8390_read_prom
fat_file_backing_identity	drv_fat_file_backing_identity
fat_file_contiguous_block	drv_fat_file_contiguous_block
fat_file_extents	drv_fat_file_extents
fat_file_set_loop_map	drv_fat_file_set_loop_map
fat_filesystem_type	drv_fat_filesystem_type
fat_probe_type	drv_fat_probe_type
graphics_device_register	drv_graphics_device_register
graphics_device_restore_text	drv_graphics_device_restore_text
hid_report_decode	drv_hid_report_decode
hid_report_layout_boot_keyboard	drv_hid_report_layout_boot_keyboard
hid_report_layout_boot_mouse	drv_hid_report_layout_boot_mouse
hid_report_layout_destroy	drv_hid_report_layout_destroy
hid_report_layout_get_absolute_axis	drv_hid_report_layout_get_absolute_axis
hid_report_layout_get_capability	drv_hid_report_layout_get_capability
hid_report_layout_get_info	drv_hid_report_layout_get_info
hid_report_layout_get_report	drv_hid_report_layout_get_report
hid_report_layout_parse	drv_hid_report_layout_parse
input_capability_abs_info	drv_input_capability_abs_info
input_capability_bits	drv_input_capability_bits
input_capability_copy	drv_input_capability_copy
input_capability_event	drv_input_capability_event
input_capability_key_state	drv_input_capability_key_state
input_capability_state_init	drv_input_capability_state_init
input_core_init	drv_input_core_init
input_device_emit	drv_input_device_emit
input_device_emit_key_event	drv_input_device_emit_key_event
input_device_register	drv_input_device_register
input_device_unregister	drv_input_device_unregister
input_key_from_symbol	drv_input_key_from_symbol
input_key_symbol_supported	drv_input_key_symbol_supported
input_keymap_event_from_code	drv_input_keymap_event_from_code
input_keymap_init	drv_input_keymap_init
input_keymap_translate	drv_input_keymap_translate
input_queue_detach	drv_input_queue_detach
input_queue_init	drv_input_queue_init
input_queue_push	drv_input_queue_push
input_queue_read	drv_input_queue_read
input_queue_readable	drv_input_queue_readable
input_queue_reader_init	drv_input_queue_reader_init
input_subscribe	drv_input_subscribe
input_subscriber_init	drv_input_subscriber_init
input_subscriber_publish	drv_input_subscriber_publish
input_unsubscribe	drv_input_unsubscribe
intel_ax211_assoc_accept	drv_intel_ax211_assoc_accept
intel_ax211_assoc_api89_validate	drv_intel_ax211_assoc_api89_validate
intel_ax211_assoc_begin	drv_intel_ax211_assoc_begin
intel_ax211_assoc_begin_update	drv_intel_ax211_assoc_begin_update
intel_ax211_assoc_cancel	drv_intel_ax211_assoc_cancel
intel_ax211_assoc_current	drv_intel_ax211_assoc_current
intel_ax211_assoc_drive	drv_intel_ax211_assoc_drive
intel_ax211_assoc_expire	drv_intel_ax211_assoc_expire
intel_ax211_assoc_mac_power_api89_validate	drv_intel_ax211_assoc_mac_power_api89_validate
intel_ax211_assoc_mac_power_encode	drv_intel_ax211_assoc_mac_power_encode
intel_ax211_assoc_mac_power_response_validate	drv_intel_ax211_assoc_mac_power_response_validate
intel_ax211_assoc_mcast_filter_api89_validate	drv_intel_ax211_assoc_mcast_filter_api89_validate
intel_ax211_assoc_mcast_filter_encode	drv_intel_ax211_assoc_mcast_filter_encode
intel_ax211_assoc_session_event_accept	drv_intel_ax211_assoc_session_event_accept
intel_ax211_boot_cleanup	drv_intel_ax211_boot_cleanup
intel_ax211_boot_command_table	drv_intel_ax211_boot_command_table
intel_ax211_boot_init	drv_intel_ax211_boot_init
intel_ax211_boot_run	drv_intel_ax211_boot_run
intel_ax211_bss_assoc_metadata	drv_intel_ax211_bss_assoc_metadata
intel_ax211_bss_cache_init	drv_intel_ax211_bss_cache_init
intel_ax211_bss_cache_lookup	drv_intel_ax211_bss_cache_lookup
intel_ax211_bss_cache_observe	drv_intel_ax211_bss_cache_observe
intel_ax211_bss_decode	drv_intel_ax211_bss_decode
intel_ax211_command_after_device_reset	drv_intel_ax211_command_after_device_reset
intel_ax211_command_cancel	drv_intel_ax211_command_cancel
intel_ax211_command_cancel_all	drv_intel_ax211_command_cancel_all
intel_ax211_command_complete	drv_intel_ax211_command_complete
intel_ax211_command_is_poisoned	drv_intel_ax211_command_is_poisoned
intel_ax211_command_nvm_access_complete_encode	drv_intel_ax211_command_nvm_access_complete_encode
intel_ax211_command_nvm_get_info_encode	drv_intel_ax211_command_nvm_get_info_encode
intel_ax211_command_pending_count	drv_intel_ax211_command_pending_count
intel_ax211_command_submit	drv_intel_ax211_command_submit
intel_ax211_command_submit_nvm_access_complete	drv_intel_ax211_command_submit_nvm_access_complete
intel_ax211_command_submit_nvm_get_info	drv_intel_ax211_command_submit_nvm_get_info
intel_ax211_command_timeout_oldest	drv_intel_ax211_command_timeout_oldest
intel_ax211_command_transaction_init	drv_intel_ax211_command_transaction_init
intel_ax211_context_info_gen3_encode	drv_intel_ax211_context_info_gen3_encode
intel_ax211_dma_prepare_boot	drv_intel_ax211_dma_prepare_boot
intel_ax211_dma_prepare_pnvm	drv_intel_ax211_dma_prepare_pnvm
intel_ax211_dma_release	drv_intel_ax211_dma_release
intel_ax211_dma_release_boot_images	drv_intel_ax211_dma_release_boot_images
intel_ax211_event_decode	drv_intel_ax211_event_decode
intel_ax211_firmware_files_load	drv_intel_ax211_firmware_files_load
intel_ax211_firmware_files_release	drv_intel_ax211_firmware_files_release
intel_ax211_firmware_loader_test_sha256	drv_intel_ax211_firmware_loader_test_sha256
intel_ax211_firmware_parse	drv_intel_ax211_firmware_parse
intel_ax211_identity_matches	drv_intel_ax211_identity_matches
intel_ax211_init_api89_validate	drv_intel_ax211_init_api89_validate
intel_ax211_init_complete_validate	drv_intel_ax211_init_complete_validate
intel_ax211_init_extended_cfg_decode	drv_intel_ax211_init_extended_cfg_decode
intel_ax211_init_extended_cfg_encode	drv_intel_ax211_init_extended_cfg_encode
intel_ax211_key_add_encode	drv_intel_ax211_key_add_encode
intel_ax211_key_api89_validate	drv_intel_ax211_key_api89_validate
intel_ax211_key_command_scrub	drv_intel_ax211_key_command_scrub
intel_ax211_key_remove_encode	drv_intel_ax211_key_remove_encode
intel_ax211_key_state_activate	drv_intel_ax211_key_state_activate
intel_ax211_key_state_init	drv_intel_ax211_key_state_init
intel_ax211_key_state_installed	drv_intel_ax211_key_state_installed
intel_ax211_key_state_removed	drv_intel_ax211_key_state_removed
intel_ax211_key_state_rx_generation	drv_intel_ax211_key_state_rx_generation
intel_ax211_key_state_tx_validate	drv_intel_ax211_key_state_tx_validate
intel_ax211_mac_type_supported	drv_intel_ax211_mac_type_supported
intel_ax211_mmio_apm_init	drv_intel_ax211_mmio_apm_init
intel_ax211_mmio_init	drv_intel_ax211_mmio_init
intel_ax211_mmio_nic_lock	drv_intel_ax211_mmio_nic_lock
intel_ax211_mmio_nic_unlock	drv_intel_ax211_mmio_nic_unlock
intel_ax211_mmio_prepare_card_hw	drv_intel_ax211_mmio_prepare_card_hw
intel_ax211_mmio_prph_read32	drv_intel_ax211_mmio_prph_read32
intel_ax211_mmio_prph_write32	drv_intel_ax211_mmio_prph_write32
intel_ax211_mmio_publish_gen3	drv_intel_ax211_mmio_publish_gen3
intel_ax211_mmio_read_mac	drv_intel_ax211_mmio_read_mac
intel_ax211_mmio_stop	drv_intel_ax211_mmio_stop
intel_ax211_mmio_sw_reset	drv_intel_ax211_mmio_sw_reset
intel_ax211_narrow_command_encode	drv_intel_ax211_narrow_command_encode
intel_ax211_pci_mmio_backend_init	drv_intel_ax211_pci_mmio_backend_init
intel_ax211_pci_mmio_host_ticks_for_us	drv_intel_ax211_pci_mmio_host_ticks_for_us
intel_ax211_pci_mmio_host_ticks_to_us	drv_intel_ax211_pci_mmio_host_ticks_to_us
intel_ax211_pci_mmio_ops	drv_intel_ax211_pci_mmio_ops
intel_ax211_pnvm_inspect	drv_intel_ax211_pnvm_inspect
intel_ax211_pnvm_parse	drv_intel_ax211_pnvm_parse
intel_ax211_protocol_alive_decode	drv_intel_ax211_protocol_alive_decode
intel_ax211_protocol_command_response_validate	drv_intel_ax211_protocol_command_response_validate
intel_ax211_protocol_command_table_parse	drv_intel_ax211_protocol_command_table_parse
intel_ax211_protocol_command_table_validate_api89	drv_intel_ax211_protocol_command_table_validate_api89
intel_ax211_protocol_command_version_lookup	drv_intel_ax211_protocol_command_version_lookup
intel_ax211_protocol_init_complete	drv_intel_ax211_protocol_init_complete
intel_ax211_protocol_nvm_get_info_decode	drv_intel_ax211_protocol_nvm_get_info_decode
intel_ax211_protocol_pnvm_init_complete	drv_intel_ax211_protocol_pnvm_init_complete
intel_ax211_ring_available	drv_intel_ax211_ring_available
intel_ax211_ring_complete	drv_intel_ax211_ring_complete
intel_ax211_ring_init	drv_intel_ax211_ring_init
intel_ax211_ring_reserve	drv_intel_ax211_ring_reserve
intel_ax211_runtime_ack	drv_intel_ax211_runtime_ack
intel_ax211_runtime_api89_validate	drv_intel_ax211_runtime_api89_validate
intel_ax211_runtime_begin	drv_intel_ax211_runtime_begin
intel_ax211_runtime_command_encode	drv_intel_ax211_runtime_command_encode
intel_ax211_runtime_current	drv_intel_ax211_runtime_current
intel_ax211_runtime_expire	drv_intel_ax211_runtime_expire
intel_ax211_runtime_mcc_decode	drv_intel_ax211_runtime_mcc_decode
intel_ax211_runtime_profile_from_manifest	drv_intel_ax211_runtime_profile_from_manifest
intel_ax211_runtime_start_cleanup	drv_intel_ax211_runtime_start_cleanup
intel_ax211_runtime_start_init	drv_intel_ax211_runtime_start_init
intel_ax211_runtime_start_mcc	drv_intel_ax211_runtime_start_mcc
intel_ax211_runtime_start_run	drv_intel_ax211_runtime_start_run
intel_ax211_runtime_start_stop	drv_intel_ax211_runtime_start_stop
intel_ax211_rx_api89_validate	drv_intel_ax211_rx_api89_validate
intel_ax211_rx_completion_descriptor_decode	drv_intel_ax211_rx_completion_descriptor_decode
intel_ax211_rx_mpdu_decode	drv_intel_ax211_rx_mpdu_decode
intel_ax211_rx_transfer_descriptor_encode	drv_intel_ax211_rx_transfer_descriptor_encode
intel_ax211_scan_abort_encode	drv_intel_ax211_scan_abort_encode
intel_ax211_scan_api89_validate	drv_intel_ax211_scan_api89_validate
intel_ax211_scan_begin	drv_intel_ax211_scan_begin
intel_ax211_scan_event_accept	drv_intel_ax211_scan_event_accept
intel_ax211_scan_expire	drv_intel_ax211_scan_expire
intel_ax211_scan_profile_from_nvm	drv_intel_ax211_scan_profile_from_nvm
intel_ax211_scan_request_ack	drv_intel_ax211_scan_request_ack
intel_ax211_scan_request_encode	drv_intel_ax211_scan_request_encode
intel_ax211_scan_session_abort	drv_intel_ax211_scan_session_abort
intel_ax211_scan_session_abort_ack	drv_intel_ax211_scan_session_abort_ack
intel_ax211_scan_session_begin_channel	drv_intel_ax211_scan_session_begin_channel
intel_ax211_scan_session_expire	drv_intel_ax211_scan_session_expire
intel_ax211_scan_session_init	drv_intel_ax211_scan_session_init
intel_ax211_scan_session_notification	drv_intel_ax211_scan_session_notification
intel_ax211_scan_session_start_ack	drv_intel_ax211_scan_session_start_ack
intel_ax211_scrub	drv_intel_ax211_scrub
intel_ax211_sku_equal	drv_intel_ax211_sku_equal
intel_ax211_staging_clear	drv_intel_ax211_staging_clear
intel_ax211_staging_set	drv_intel_ax211_staging_set
intel_ax211_tfd_encode	drv_intel_ax211_tfd_encode
intel_ax211_transport_activate_rx	drv_intel_ax211_transport_activate_rx
intel_ax211_transport_backend_init	drv_intel_ax211_transport_backend_init
intel_ax211_transport_backend_ops	drv_intel_ax211_transport_backend_ops
intel_ax211_transport_backend_ring_memory	drv_intel_ax211_transport_backend_ring_memory
intel_ax211_transport_command_abort_prepared	drv_intel_ax211_transport_command_abort_prepared
intel_ax211_transport_command_after_device_reset	drv_intel_ax211_transport_command_after_device_reset
intel_ax211_transport_command_complete	drv_intel_ax211_transport_command_complete
intel_ax211_transport_command_oldest	drv_intel_ax211_transport_command_oldest
intel_ax211_transport_command_pending_count	drv_intel_ax211_transport_command_pending_count
intel_ax211_transport_command_prepare_external	drv_intel_ax211_transport_command_prepare_external
intel_ax211_transport_command_prepare_inline	drv_intel_ax211_transport_command_prepare_inline
intel_ax211_transport_command_publish	drv_intel_ax211_transport_command_publish
intel_ax211_transport_command_submit_inline	drv_intel_ax211_transport_command_submit_inline
intel_ax211_transport_configure_msix	drv_intel_ax211_transport_configure_msix
intel_ax211_transport_disable_interrupts	drv_intel_ax211_transport_disable_interrupts
intel_ax211_transport_enable_firmware_interrupts	drv_intel_ax211_transport_enable_firmware_interrupts
intel_ax211_transport_enable_runtime_interrupts	drv_intel_ax211_transport_enable_runtime_interrupts
intel_ax211_transport_init	drv_intel_ax211_transport_init
intel_ax211_transport_initialize_rings	drv_intel_ax211_transport_initialize_rings
intel_ax211_transport_interrupt_claim	drv_intel_ax211_transport_interrupt_claim
intel_ax211_transport_interrupt_rearm	drv_intel_ax211_transport_interrupt_rearm
intel_ax211_transport_publish_rx_descriptor	drv_intel_ax211_transport_publish_rx_descriptor
intel_ax211_transport_quiesce	drv_intel_ax211_transport_quiesce
intel_ax211_transport_rx_next	drv_intel_ax211_transport_rx_next
intel_ax211_transport_rx_refresh	drv_intel_ax211_transport_rx_refresh
intel_ax211_transport_rx_replenish	drv_intel_ax211_transport_rx_replenish
intel_ax211_tx_api89_validate	drv_intel_ax211_tx_api89_validate
intel_ax211_tx_completion_decode	drv_intel_ax211_tx_completion_decode
intel_ax211_tx_prepare	drv_intel_ax211_tx_prepare
intel_ax211_tx_ring_allocate	drv_intel_ax211_tx_ring_allocate
intel_ax211_tx_ring_api89_validate	drv_intel_ax211_tx_ring_api89_validate
intel_ax211_tx_ring_complete	drv_intel_ax211_tx_ring_complete
intel_ax211_tx_ring_queue_add_build	drv_intel_ax211_tx_ring_queue_add_build
intel_ax211_tx_ring_queue_add_complete	drv_intel_ax211_tx_ring_queue_add_complete
intel_ax211_tx_ring_release	drv_intel_ax211_tx_ring_release
intel_ax211_tx_ring_reset	drv_intel_ax211_tx_ring_reset
intel_ax211_tx_ring_submit	drv_intel_ax211_tx_ring_submit
intel_ax211_tx_ring_timeout_oldest	drv_intel_ax211_tx_ring_timeout_oldest
intel_ax211_wide_command_encode	drv_intel_ax211_wide_command_encode
loop_attach_file	drv_loop_attach_file
loop_attach_path	drv_loop_attach_path
loop_backing_disk_ref	drv_loop_backing_disk_ref
loop_detach	drv_loop_detach
loop_get_index	drv_loop_get_index
loop_init	drv_loop_init
partition_scheme_gpt	drv_partition_scheme_gpt
partition_scheme_mbr	drv_partition_scheme_mbr
partition_scheme_pc98	drv_partition_scheme_pc98
partition_scheme_pc98_auto	drv_partition_scheme_pc98_auto
partition_scheme_pcat_auto	drv_partition_scheme_pcat_auto
partition_scheme_sun	drv_partition_scheme_sun
partition_scheme_x68k	drv_partition_scheme_x68k
pc98_auto_default	drv_pc98_auto_default
pc98_auto_make_hal	drv_pc98_auto_make_hal
pc98_busmouse_init	drv_pc98_busmouse_init
pc98_cirrus_default	drv_pc98_cirrus_default
pc98_cirrus_make_hal	drv_pc98_cirrus_make_hal
pc98_gdc_clear_graphics	drv_pc98_gdc_clear_graphics
pc98_gdc_default	drv_pc98_gdc_default
pc98_gdc_make_hal	drv_pc98_gdc_make_hal
pc98_glyph_default	drv_pc98_glyph_default
pc98_glyph_get_bitmap	drv_pc98_glyph_get_bitmap
pc98_glyph_make_hal	drv_pc98_glyph_make_hal
pc98_graphics_backend_blit	drv_pc98_graphics_backend_blit
pc98_graphics_backend_enter	drv_pc98_graphics_backend_enter
pc98_graphics_backend_fill	drv_pc98_graphics_backend_fill
pc98_graphics_backend_flush	drv_pc98_graphics_backend_flush
pc98_graphics_backend_get_glyph	drv_pc98_graphics_backend_get_glyph
pc98_graphics_backend_get_modes	drv_pc98_graphics_backend_get_modes
pc98_graphics_backend_leave	drv_pc98_graphics_backend_leave
pc98_graphics_backend_line	drv_pc98_graphics_backend_line
pc98_graphics_backend_pattern_fill	drv_pc98_graphics_backend_pattern_fill
pc98_graphics_backend_ready	drv_pc98_graphics_backend_ready
pc98_graphics_prepare	drv_pc98_graphics_prepare
pc98_ide_bios_unit	drv_pc98_ide_bios_unit
pc98_ide_init	drv_pc98_ide_init
pc98_ide_unit	drv_pc98_ide_unit
pc98_lgy98_init	drv_pc98_lgy98_init
pc98_unicode_to_jis	drv_pc98_unicode_to_jis
pcat_font_get_glyph	drv_pcat_font_get_glyph
pcat_font_init	drv_pcat_font_init
pcat_font_restore_ascii	drv_pcat_font_restore_ascii
pcat_graphics_backend_blit	drv_pcat_graphics_backend_blit
pcat_graphics_backend_enter	drv_pcat_graphics_backend_enter
pcat_graphics_backend_fill	drv_pcat_graphics_backend_fill
pcat_graphics_backend_flush	drv_pcat_graphics_backend_flush
pcat_graphics_backend_get_glyph	drv_pcat_graphics_backend_get_glyph
pcat_graphics_backend_get_modes	drv_pcat_graphics_backend_get_modes
pcat_graphics_backend_leave	drv_pcat_graphics_backend_leave
pcat_graphics_backend_line	drv_pcat_graphics_backend_line
pcat_graphics_backend_pattern_fill	drv_pcat_graphics_backend_pattern_fill
pcat_graphics_backend_ready	drv_pcat_graphics_backend_ready
pcat_graphics_pci_register	drv_pcat_graphics_pci_register
pcat_graphics_prepare	drv_pcat_graphics_prepare
pcat_ide_bios_unit	drv_pcat_ide_bios_unit
pcat_ide_init	drv_pcat_ide_init
pcat_ide_unit	drv_pcat_ide_unit
pcat_ne2000_init	drv_pcat_ne2000_init
pcat_ps2_mouse_init	drv_pcat_ps2_mouse_init
pcat_vgafont16	drv_pcat_vgafont16
rpi4_sdhci_disk	drv_rpi4_sdhci_disk
rpi4_sdhci_init	drv_rpi4_sdhci_init
rtl8822b_board_active_channel_allowed	drv_rtl8822b_board_active_channel_allowed
rtl8822b_cam_activate_ccmp	drv_rtl8822b_cam_activate_ccmp
rtl8822b_cam_clear	drv_rtl8822b_cam_clear
rtl8822b_cam_program_ccmp	drv_rtl8822b_cam_program_ccmp
rtl8822b_cam_stage_ccmp	drv_rtl8822b_cam_stage_ccmp
rtl8822b_chip_identity_parse	drv_rtl8822b_chip_identity_parse
rtl8822b_data_frame_prepare	drv_rtl8822b_data_frame_prepare
rtl8822b_efuse_decode	drv_rtl8822b_efuse_decode
rtl8822b_firmware_load	drv_rtl8822b_firmware_load
rtl8822b_firmware_release	drv_rtl8822b_firmware_release
rtl8822b_firmware_tx_descriptor	drv_rtl8822b_firmware_tx_descriptor
rtl8822b_firmware_validate	drv_rtl8822b_firmware_validate
rtl8822b_firmware_walk	drv_rtl8822b_firmware_walk
rtl8822b_radio_active_scan_allowed	drv_rtl8822b_radio_active_scan_allowed
rtl8822b_radio_deauthentication_prepare	drv_rtl8822b_radio_deauthentication_prepare
rtl8822b_radio_management_frame_prepare	drv_rtl8822b_radio_management_frame_prepare
rtl8822b_radio_power_on	drv_rtl8822b_radio_power_on
rtl8822b_radio_rx_generation_pause	drv_rtl8822b_radio_rx_generation_pause
rtl8822b_radio_rx_generation_resume	drv_rtl8822b_radio_rx_generation_resume
rtl8822b_radio_set_channel	drv_rtl8822b_radio_set_channel
rtl8822b_radio_start	drv_rtl8822b_radio_start
rtl8822b_radio_stop	drv_rtl8822b_radio_stop
rtl8822b_rx_aggregate_walk	drv_rtl8822b_rx_aggregate_walk
rtl8822b_rx_packet_parse	drv_rtl8822b_rx_packet_parse
rtl8822b_security_clear_association	drv_rtl8822b_security_clear_association
rtl8822b_security_enable	drv_rtl8822b_security_enable
rtl8822b_security_set_association	drv_rtl8822b_security_set_association
rtl8822b_sha256	drv_rtl8822b_sha256
rtl8822b_test_firmware_blob_state	drv_rtl8822b_test_firmware_blob_state
rtl8822b_test_firmware_segment	drv_rtl8822b_test_firmware_segment
rtl8822b_test_firmware_validate	drv_rtl8822b_test_firmware_validate
rtl8822b_test_firmware_walk	drv_rtl8822b_test_firmware_walk
rtl8822b_test_radio_table_apply	drv_rtl8822b_test_radio_table_apply
rtl8822b_tx_queues_empty	drv_rtl8822b_tx_queues_empty
rtl8822bu_board_parse	drv_rtl8822bu_board_parse
sun4u_cmd646_disk	drv_sun4u_cmd646_disk
sun4u_cmd646_init	drv_sun4u_cmd646_init
ufs_filesystem_type	drv_ufs_filesystem_type
ufs_get16	drv_ufs_get16
ufs_get32	drv_ufs_get32
ufs_get64	drv_ufs_get64
ufs_identify	drv_ufs_identify
ufs_journal_bind_image	drv_ufs_journal_bind_image
ufs_journal_checkpoint	drv_ufs_journal_checkpoint
ufs_journal_commit	drv_ufs_journal_commit
ufs_journal_committed	drv_ufs_journal_committed
ufs_journal_commitv	drv_ufs_journal_commitv
ufs_journal_drain	drv_ufs_journal_drain
ufs_journal_init	drv_ufs_journal_init
ufs_journal_publishv	drv_ufs_journal_publishv
ufs_journal_read	drv_ufs_journal_read
ufs_journal_replay	drv_ufs_journal_replay
ufs_journal_view_acquire	drv_ufs_journal_view_acquire
ufs_journal_view_copy	drv_ufs_journal_view_copy
ufs_journal_view_release	drv_ufs_journal_view_release
ufs_journal_views_busy	drv_ufs_journal_views_busy
ufs_journal_views_close	drv_ufs_journal_views_close
ufs_put16	drv_ufs_put16
ufs_put32	drv_ufs_put32
ufs_put64	drv_ufs_put64
ufs_snapshot_create	drv_ufs_snapshot_create
ufs_snapshot_delete	drv_ufs_snapshot_delete
ufs_snapshot_init	drv_ufs_snapshot_init
ufs_snapshot_open	drv_ufs_snapshot_open
ufs_snapshot_preserve	drv_ufs_snapshot_preserve
ufs_snapshot_read	drv_ufs_snapshot_read
ufs_super_decode	drv_ufs_super_decode
usb_hid_checkpoint_driver_register	drv_usb_hid_checkpoint_driver_register
x68k_partition_decode	drv_x68k_partition_decode
x68k_scsi_cdb10	drv_x68k_scsi_cdb10
x68k_scsi_inquiry_cdb	drv_x68k_scsi_inquiry_cdb
x68k_scsi_parse_capacity10	drv_x68k_scsi_parse_capacity10
x68k_scsi_parse_sense	drv_x68k_scsi_parse_sense
x68k_scsi_request_sense_cdb	drv_x68k_scsi_request_sense_cdb
x68k_scsi_simple_cdb10	drv_x68k_scsi_simple_cdb10
x68k_scsi_transfer_chunk	drv_x68k_scsi_transfer_chunk
x68k_spc_disk_init	drv_x68k_spc_disk_init
x68k_spc_disk_target	drv_x68k_spc_disk_target
x68k_spc_pio_command	drv_x68k_spc_pio_command
x68k_spc_pio_init	drv_x68k_spc_pio_init
x68k_spc_pio_inquiry	drv_x68k_spc_pio_inquiry
x68k_spc_pio_read10	drv_x68k_spc_pio_read10
x68k_spc_pio_read_capacity10	drv_x68k_spc_pio_read_capacity10
x68k_spc_pio_request_sense	drv_x68k_spc_pio_request_sense
x68k_spc_pio_synchronize10	drv_x68k_spc_pio_synchronize10
x68k_spc_pio_test_unit_ready	drv_x68k_spc_pio_test_unit_ready
x68k_spc_pio_write10	drv_x68k_spc_pio_write10
