sha256	path
d30acdf4b2449065a719f22935bd3f0edd5f230ac06ca96f6c33c895cabf15c0	include/drivers/gpu/gpu.h
41b39ce0c46a3f22532cf20becd3b2b95112318f25d53e72a09c9837f982909f	include/kern/vm-device.h
937a488a4c8727f2684b642029db29a21fd498c40987bc944f61599f74a4c13d	plan/ws048/tests/firmware-host-test.c
1daf8bf803f23293cb8af95e7baae878c1923c977115ab32e2da9ed010969fe7	plan/ws141/tests/clear-host-test.c
0a9acf4877bd43c21b1b33cc6104268b59b3187f8a9eb11c6bac9fc85b911d4d	plan/ws141/tests/clear-host-test.sh
bac0931f3521f9f73592ef86130e7aefec5b34916b107074861f13af9c555c08	plan/ws141/tests/clear-packet-check.py
5a8be19f80ab51e46dc7b9473419fe55af2da5d6eab00f345a179793a18607b5	plan/ws141/tests/display-device-host-test.c
7733779e775f8625c12a3312a697f19925ba3d3e7afbf883455b24d87bdbd4a3	plan/ws141/tests/display-execute-host-test.c
38be667a4d106b559e84320f2dd715a335fbfa6aa3874bbb0f8d6a93c352ffd5	plan/ws141/tests/display-flip-host-test.c
e4494d7fcd111afe282daf688bb8f9d8b581283c30309e0eaedfa2d04daf1cfe	plan/ws141/tests/display-host-test.sh
2eedc7c6e9dcca6f037535c4a7746b7f7a5b0d0bc2f950c14ff82a2803755b38	plan/ws141/tests/display-lock-host.c
61444f8500c6e6784fedb01839bf5aa4d6780cabc5134803bd9f0ca3f276014c	plan/ws141/tests/display-program-host-test.c
d1be7ded83b2ce43e8bfdc0ba2eadb31d242b2fd16e854d4b8c7c4f830a56098	plan/ws141/tests/filter-coefficients-check.py
5600805edf2fc58a951f8cee68b6b3fcba41308fd9a23c86ffb0f63c9bdb610b	plan/ws141/tests/host/kern/thread.h
89a1c44b768539c5975dde38018ee75d37848a22453d88b41ff2abdd9d55ba59	plan/ws141/tests/list-copy-host-test.c
6bfe9923d31b2d9b40d5533599d2069a144af80996f7c1a9ca1f307512ff19fa	plan/ws141/tests/list-host-test.c
c32821a8b329422fd2f625a67d9f8defcb868d153eb324af387a3fdaf741e8e9	plan/ws141/tests/mmu-host-test.c
81b80d449f9b58a6215434a5ef3a4474bab4244890e24de4a8e16d31c9460aa7	plan/ws141/tests/native-colour-host-test.c
c4606806eb14a3a79befd73dec1d812de0e580b7c6361336d0650de4ef090888	plan/ws141/tests/native-colour-host-test.sh
b988a8281310b6e0b03a4ed2a8bba23c446455c6e230bdd88e766f059d35a522	plan/ws141/tests/native-pass-check.py
e5731eedf56959299e351da781148c970b632c82bbd33b0ec66316a249fd2970	plan/ws141/tests/native-pass-host-test.c
ed32218c1f7bb5716e0ed178c8a70417b3e7e800014df2cb3e3b6e0034e483e4	plan/ws141/tests/native-pass-host-test.sh
59ff714502c7bed06ffdafaa425896776dc5b6bdc264075a11cf3bb288808cab	plan/ws141/tests/native-state-check.py
bb513dfd6e6bf7894fb0a5fd0dd1070d0b16ecbab14890c69f801b675f482e5e	plan/ws141/tests/native-state-host-test.c
efef067f0736726e355cbf889d12d7d5bfa588a4d456f73aafa7e304540941b2	plan/ws141/tests/native-state-host-test.sh
f0d91b3f3bfcee84fcabc42b5248d51622f2c4daeef3c569e9d2276411d2f820	plan/ws141/tests/noop-host-test.c
8f346ca24c436b27c12c4c777e08ee733c25fa1646e09c9a7c0b306ab7bf8de0	plan/ws141/tests/noop-host-test.sh
dde22a9c3d2258128f52df74c1c876d55316effd598594ba9c744fa1723b67f5	plan/ws141/tests/noop-packet-check.py
e2ff38dd76efc76ac4d4c8921c44f8e373623efbe7cfd3f947cf688ab30c8de3	plan/ws141/tests/qpu-format-host-test.c
50ca8e1a853b044aaea0eaa2afdaf3e7d487626cbbf1e4c54cb295e95c2833ea	plan/ws141/tests/qpu-format-host-test.sh
54ce71f5f4b0e76371a37135d049db34e7bfc6c9b1c1b4cd0f62d37a868bc8fb	plan/ws141/tests/shader-host-test.c
547d6e25cebd9650e053af39299f08cd59d118c2bd56386df600ef7b245926cb	plan/ws141/tests/shader-host-test.sh
e5cd40c0fda4f2b52f6c7b6b1bf110ea45090676f9be519888b17049bb44657b	plan/ws141/tests/stack-audit.py
ac3a0c363ecea37885995e83f4b9cd85f6150d3d52f915b784df1ef2e3604420	plan/ws141/tests/stage-host-test.c
bbbb7613114e3bceb883be0555ea81d17f12c0a3e56893a0c1174c866f400cc9	plan/ws141/tests/stage-host-test.sh
711ad0df2b4337ea6e3e20822eee14cb0dafeeda2712ca504352fb10d460963d	plan/ws141/tests/uncached-mapping-host-test.c
6dec8dbaeaa623ba0c6a85c9175a966165c9e99dee4e6f96033ec87988c3c921	plan/ws141/tests/uncached-mapping-host-test.sh
95914858e8b470bd6d5865bb094dbb6709b7b68ec205933b412cb197d6d07dca	plan/ws141/tests/v3d-hardware-host-test.c
1b6388706dfd4cf3acfcab982fb45d5855aae60179a8a9be099dbbb07d62695a	plan/ws141/tests/v3d-hardware-host-test.sh
938fb01d48853a690bc02e6aa2c48f836a8e2768f296f7aebda0a7cfca2b7e29	plan/ws141/tests/v3d-power-host-test.c
5783f40483020a804778886c78c53cc95ded775ce1ecb0ff7a9f67da2b9c8147	plan/ws141/tests/v3d-power-host-test.sh
dc68f150fe740390855cd74b896865a3933847593b3ea6c1ddfac0e9a0d8ed7c	plan/ws141/tests/vulkan-client-pipeline-host.c
0867fd603c3d982ef4ecbc6062bb9019bd26b9acd3a34dc4dbe1db7b9d492702	plan/ws141/tests/vulkan-device-host-test.c
c4621fc559693765b9509968cd788d0850830567d2f47d2f74e229ccf0bc32e9	plan/ws141/tests/vulkan-device-host-test.sh
6770f2249cc6fa0e212c4882692f52c57dec62c872ae9d835b070e7589939d0d	plan/ws141/tests/vulkan-object-host-test.c
8b40a6bb0afb818decf1e21f7bbd8f1d89378e3916e89362b394c1370ca68508	plan/ws141/tests/vulkan-object-host-test.sh
8243793c93df49f6a6e76964bb5a6488c8aa860b350891da77ac7d451bd104b1	plan/ws141/tests/vulkan-sources.sh
45f9441047ba3a815b1cce7326eb5178dbea4be6e6e91a60364f5b0c17478565	plan/ws141/tests/vulkan-stream-host-test.c
93d285af03e2297afe964b7af30650cfcec2059a109afdb6258dcca41d1de49e	plan/ws141/tests/vulkan-stream-host-test.sh
6cfad211d8ea1098a2e782bfd481cff0a44dbdc31f802ae38b229fce79252ba5	platform/arm64/vmunix.mk
6c95b6c9ef33525af1039a8b3e2cf953bd7395d047d376bf0edb15f9d9438558	src/drivers/gpu/bcm2711/attach.c
592692d2b5cdfbc3f6243a65b20cafdbf92091df88b687e0df5ca241c2e47f17	src/drivers/gpu/bcm2711/bcm2711-gpu.h
5151692631ae9a4386fd013e512e5ff6b13190e68d59523208c71c4ed7408d0a	src/drivers/gpu/bcm2711/bcm2711-private.h
cd65666d66b6561a7ca6a7f81ab48af6916f8f221411dbb9e8a08ab7772af54b	src/drivers/gpu/bcm2711/buffer.c
a2a3cf0152c3e1e2489ba264db7772331ee6dd46581b3e822f7bddee747d379a	src/drivers/gpu/bcm2711/buffer.h
22906f774f10d86226983b6a3a57a72b5224a90e666ae520e926b3929029e000	src/drivers/gpu/bcm2711/cl.c
b11cce322e1ee6414e90c6bbcf7b210261b27600c11883e4d476d87a9d9afd00	src/drivers/gpu/bcm2711/display-device.c
920820c8373c7b31aba6283f815aefdc2e14b597d5586b627a50322ef8cc481a	src/drivers/gpu/bcm2711/display-execute.c
aba31197a92612320d5a1ba642d5f41613fa6e900b58a68d8cebe1f38332a67f	src/drivers/gpu/bcm2711/display-flip.c
b2f52a1291fb7563ba58366da964909b1f238470df892f6e340850c46fcfb0ff	src/drivers/gpu/bcm2711/display-flip.h
46f528c1c9adf9afaf17e4fd7c038fc6757f357bd180f6107df662c66caa3291	src/drivers/gpu/bcm2711/display-irq.c
c4c71953f4c5c03469792bf5c1d6684c857d5c9841f572095e854b9555ba8a0a	src/drivers/gpu/bcm2711/display-program.c
98a118dc4b1728057115205c7ae8e0520d31a2d6bcac73391524f5bedf5262e7	src/drivers/gpu/bcm2711/display-program.h
de32b5db516eb8401cf1d92f74870dbc94e9593df7e8bd214520cfa795cba6d7	src/drivers/gpu/bcm2711/display-start.c
20b4b8155bc295352ee228ff0f0dcf04e0a52e4313e4f397073460bd4f968321	src/drivers/gpu/bcm2711/display.c
6ae217ac1ba583c87a83c4cdf7e034483b37c098f0e14a54bf45dfd44e8cdecf	src/drivers/gpu/bcm2711/fdt-util.c
5097afb76bf124d1d7fde803730bc3585a14584badad14942e945834ff8dc91e	src/drivers/gpu/bcm2711/firmware.c
93a6a98304a60cd87ca4b61372964238452cac95f868dad2a6ffedeb8a9844ea	src/drivers/gpu/bcm2711/list.c
127272ab4ea275fe9049158353a136ee1c264fce875858cc9facedf221d7cf82	src/drivers/gpu/bcm2711/meta/texture-words.inc
0d7781bcad6df0a4bc19a98e1587a8956a5c868abbdb37df14d7bf52cc6d29c0	src/drivers/gpu/bcm2711/meta/texture.frag.spvasm
8b2a93ca28cfe80a0f979ee3e94a67e2f88c2a65ead7a0d817a2e4f0fdb9ab7c	src/drivers/gpu/bcm2711/meta/texture.vert.spvasm
04788dbbf31a6e5b8077c5e808148865241756658800050661f2a8cd8dadb74f	src/drivers/gpu/bcm2711/mmu.c
30a53ee20e2b6c40e249166e48137cdd279a978ecc406eb861a497e632deeadb	src/drivers/gpu/bcm2711/native-bin.c
eaa9d6634675b3a66cdc1e5a6b1e56ac2c56c201dd53192411d95da9a61f1bde	src/drivers/gpu/bcm2711/native-bin.h
216d2296b028938e3ba7024324f9796e7f4108ac6d09c1783c0a0b19125c4b37	src/drivers/gpu/bcm2711/native-colour.c
7e9e527c056f268b50df04a308f1c3a613fc582ae3ae26eddc08442a8ab44af5	src/drivers/gpu/bcm2711/native-colour.h
36fb25dcf0ad6b97341018e73d652816cef90c815697c91eeb59051f60ec69cd	src/drivers/gpu/bcm2711/native-pass.c
e81b5aa5c7497175ea61d3f8de253c04e4f9743353a431a3371aaf065819f315	src/drivers/gpu/bcm2711/native-pass.h
bfc076aae49add195b2a372b395966220256797f838c803555114746995f2f10	src/drivers/gpu/bcm2711/native-shader.c
1d4f9933c84e805222a15cff10ed2271dfb49c02fb28e765072d1da642d54801	src/drivers/gpu/bcm2711/native-state.h
c5b83ae82fc4cf73e64a532d210557a5e8ce6b06f52925bcee118036f74bde96	src/drivers/gpu/bcm2711/native-storage.c
ab69cc4bab58c6d1a2109a2931a0de8a5a526d34be011fbbe8e95fd758fd2539	src/drivers/gpu/bcm2711/native-storage.h
3ac04df64d0e44d7c487cfc625eaf6ebfb12069c71aa66afe67a5312d90f2f77	src/drivers/gpu/bcm2711/native-texture.c
bdd4b961c570e195c438e83b18d583bb04570c7eb52ffb72b57ce303c0d5e3f0	src/drivers/gpu/bcm2711/native-viewport.c
bf0c4a0edacdd367ebd92e1425453bda672fe655978343d282673e8d0f9e053d	src/drivers/gpu/bcm2711/native-viewport.h
41d1136a9c135cecea4d4a03e5d763f571888c06a1c4edb77cda62360b58911b	src/drivers/gpu/bcm2711/qpu.c
8b15b1b0a4c6a312d2a7762597b6ac458bc063a39d0930f4425417bcb1afc47c	src/drivers/gpu/bcm2711/qpu.h
80df9669136f0874f44f35cdab8eb5af2b799ae4a62abc0bf5224e168e9c98aa	src/drivers/gpu/bcm2711/readout.c
eb429ef28140cf21f45cc9b37efc511c3fec982fc8b2c7147cb76fed07474fc1	src/drivers/gpu/bcm2711/render-device.c
be54edaf88ddc82797a4cb89050f507c653e1284574358df6baaa5ee67972135	src/drivers/gpu/bcm2711/render-device.h
3a4f73d4ce7d5c3b5729bd26f79764786cbf4cdc6823fe633a1aebc48bce44a2	src/drivers/gpu/bcm2711/render-runtime.c
4dcbb1b2a2bd3ad97666ef56b6241e6096e83f605c4e405af0d89f29960bf29f	src/drivers/gpu/bcm2711/render-runtime.h
a1942c8b9354e8cfd908ef7c66d50598b7cea1f2a1357b4748b811277c3f3c1f	src/drivers/gpu/bcm2711/render-worker.c
63967531fd30f678730c9c0172630c0e84e05fff2b238f8288727c93258e0b5d	src/drivers/gpu/bcm2711/render-worker.h
65f9f8bdc58ddd253237e64aee88625e9418748454258868bc2d4552e0d3fe37	src/drivers/gpu/bcm2711/shader-analyze.c
e049cae372d256117acc01d1292a8c93145ee95a01cfc9a0c1d7f82c6cf42eb6	src/drivers/gpu/bcm2711/shader-lower.c
81c54acbd7fce1faaa4e06846691336949b49eb4ab6cf381f89c23e73e7a05ae	src/drivers/gpu/bcm2711/shader-output.c
c0fd711f131ea2b0ad32b7da093c0fb19a0c5398699e687dd73763c4c25f5b68	src/drivers/gpu/bcm2711/shader-private.h
b03b114496427ed4c3757fd461bb42f03da9df7b2fad0db60e22e26178512153	src/drivers/gpu/bcm2711/shader.c
68fd067fa13c686f8cda14fd466bb013b01b2be47b91da6956d2b0f2f5d2f40a	src/drivers/gpu/bcm2711/shader.h
612121694abc3044d74a196b1af5f4a84ae5deee4e5fe9e935eb06495df33cee	src/drivers/gpu/bcm2711/share.c
b0a2f07361e79b978cc3917d8722cfe46066d4c81e97a6b086ad385658ea240a	src/drivers/gpu/bcm2711/share.h
70bf3959c7e2144387ffe10420a77c00e13a2237354e5d64ff7d2b9d2a776448	src/drivers/gpu/bcm2711/stage.c
1f9415d317c1e31c430872013da02fbe40006dc2abef660665f888070cd24b6b	src/drivers/gpu/bcm2711/v3d-diagnostic.c
8622a1e12398d36d5cd04fa18edb9bf15d1017b4491993523641fa4218bbe110	src/drivers/gpu/bcm2711/v3d-hardware.c
0369a61eacbf352feda4af126d5abcfcc69c9b1bddbb6278e69f0c89dbb243be	src/drivers/gpu/bcm2711/v3d-hardware.h
cb40d21d9256ea4a5eff619fe864af369bab9e9b3690c0032d045358d54dd75e	src/drivers/gpu/bcm2711/v3d-job.c
ae71d1b7b64bcea0d5575730fd467be47220b0d81765b1e30b64b38fd59bd730	src/drivers/gpu/bcm2711/v3d-job.h
bda2f8c25ac9d91eae8c68969774b914d987d00d130f2f78d91934f2241e285b	src/drivers/gpu/bcm2711/v3d-memory.c
6d7e13b1d93e76bae7565b9adc36a3ce28bfc3d17698cf964903fe06599dce57	src/drivers/gpu/bcm2711/v3d-memory.h
92cc4a8201400671423f01529b914c00a25b2a3b9675a4a147973858cf9b72e3	src/drivers/gpu/bcm2711/v3d-power.c
2828df3678ac58fde2f4b7e461d842be72783ab538b32d89adac01d924eb6d54	src/drivers/gpu/bcm2711/v3d.c
fb2880664ba80bab8432085c1f6f09764b608035293b2e744afc2c1d9479686f	src/drivers/gpu/bcm2711/vulkan-barrier-decode.c
8af7dad273e2dd17b907525b16c1d09b88f3fba47172b95c1a62f072d3f982fe	src/drivers/gpu/bcm2711/vulkan-barrier-validate.c
5ef9025442319efa1b822193bc56f5d413b95a9bd85440b922ded65a7fc9b4a1	src/drivers/gpu/bcm2711/vulkan-barrier.c
32e9bf0ecdcced3a84b03b4e7eb251b17e2d41ff578706121dcb816d0d3bb8d7	src/drivers/gpu/bcm2711/vulkan-barrier.h
2dc6b21173e209f59da93b592ca45c67b2513eb803d9ab4bdbc48041806db0fb	src/drivers/gpu/bcm2711/vulkan-buffer-copy.c
11f2c7100ae8602473558ecab9801817bf17ab20f5548b26519496eb07cbfffc	src/drivers/gpu/bcm2711/vulkan-buffer-copy.h
e6db71a9788fcc3e7de54177806ffc69055abd45458159c71bd8d90cdad44b6e	src/drivers/gpu/bcm2711/vulkan-command-batch.c
46b3c22cf4e9ee4ba00c633ef89e6e7a088313a1a145a26835310d337d3ca076	src/drivers/gpu/bcm2711/vulkan-command-buffer.c
e53becef8ea02d309297fea995752e80368be25810cdd4edb301043615610b11	src/drivers/gpu/bcm2711/vulkan-command-pool.c
b8f5d79c1669ad3fd64b4a9afbe1a1bb9cd3a970e2c40719e12be53d444cb167	src/drivers/gpu/bcm2711/vulkan-command.h
075cb01c9b70e6e3a99d1497dcf144817fd4e1291d4ac17a86e5760c8aaf19a4	src/drivers/gpu/bcm2711/vulkan-descriptor-pool.c
cd293157bc5ae9e439f8b6905ced4ec48d34f86950619c1e41188669fa00b04f	src/drivers/gpu/bcm2711/vulkan-descriptor-sets.c
39ae270bf513c05056614c30f403a4337a3cf1ce6c52f549edf0193458d5231e	src/drivers/gpu/bcm2711/vulkan-descriptor-update.c
29338488ee10247e041c06efd92535c51278839f4a7e15f5150020a40e72ac22	src/drivers/gpu/bcm2711/vulkan-descriptor.h
403925cc0e81741149ea3dc087b3a8715b895ff1d32a4e8ce12a482e1ae40d7e	src/drivers/gpu/bcm2711/vulkan-device.c
1ac927663995d7adb200dd9ec5823a5d67b880a4545836733cfa6610a734f048	src/drivers/gpu/bcm2711/vulkan-device.h
13bae3d3e3f9b85b0775ddb98a565010318b9d524a05a3ae178f0417edd0eed7	src/drivers/gpu/bcm2711/vulkan-dispatch.c
6d41b9491fcf3062373eb9816ed14b0d319feb83292e75cd8b5b2a70330b139d	src/drivers/gpu/bcm2711/vulkan-dispatch.h
a8e5b8dee65e6b870ef4136a955f2f06f95ab204631a65904bed3a220297b9ef	src/drivers/gpu/bcm2711/vulkan-draw-validate.c
4870b76b57a261a90d8fef5705db906ec70d327594093764347afe52480f752d	src/drivers/gpu/bcm2711/vulkan-draw.c
6ee759e6c1c6bd34f47db7f3b6ff7bd069badb0c1634ca2aeca9e1b187f9387a	src/drivers/gpu/bcm2711/vulkan-draw.h
677852033c92cf63cccfdc6ff86698ca659d550780ba317eeecf1778398b809f	src/drivers/gpu/bcm2711/vulkan-input.c
cc0a6248669a260056fb1f25bcb7b6235863ae6097fe86559e028cfae489fc4e	src/drivers/gpu/bcm2711/vulkan-input.h
e281a8c32aa092917541ea81d903fd50fcdf017d131aad112330fa92e7a61bee	src/drivers/gpu/bcm2711/vulkan-layout-compat.c
7376c3ecad32e0dd9ab4552b83944c0a3d21076c82f12d2037f4897cff338d8c	src/drivers/gpu/bcm2711/vulkan-layout.c
d22d6492cd836d7bff5500883220bf0ea02af8562f16da6f1f36a80b91908129	src/drivers/gpu/bcm2711/vulkan-layout.h
1d1c888a0014c699bf9cbbbbed51bfbeb2a41bb4a10e67b588bb0f47e16116f7	src/drivers/gpu/bcm2711/vulkan-memory.c
9d822972ebef11e0945c89d29b4efb7075273175897788ad3a599d79246b87b7	src/drivers/gpu/bcm2711/vulkan-memory.h
d232403ac348a478e16fe8ff1f0b145e4c427b304af8ba075ba98ee213683fb4	src/drivers/gpu/bcm2711/vulkan-native-bin.c
d566fb221db4e866469832a7cb392dada680a1a76251acf4503f78a47a5399ef	src/drivers/gpu/bcm2711/vulkan-native-draw.c
ce6c7bbb333b88e5575e517e87a3bf1c96a1975be1869c725d15f8bdbde063ec	src/drivers/gpu/bcm2711/vulkan-native-draw.h
c735f3937ffd99c87ba3e22492e9cf420c8d8edacca2c048a4bdb75f9e312daf	src/drivers/gpu/bcm2711/vulkan-native-execute.c
52bbc2ffd452d32c5fd70b24bbe4a08752b8ad758123aa687f45a4833f8427e4	src/drivers/gpu/bcm2711/vulkan-native-image.c
7dd3d7fdaaa541f8be6ea8c27b6dbd8e56d372285ffb5a727339646bfa80d995	src/drivers/gpu/bcm2711/vulkan-native-image.h
cf6179833f9af5af81711498880db5f891f747439885f0156c98914257db7838	src/drivers/gpu/bcm2711/vulkan-native-job.c
2c8c7ca2149d567521c99e4b77198132fe5b550fd8f8d58b3751b5265285a6aa	src/drivers/gpu/bcm2711/vulkan-native-job.h
2e2b966adf7f7533742864210af23e5b334115d5fc40234b69402a72448af800	src/drivers/gpu/bcm2711/vulkan-native-pass.c
3d2666f1edeb3592a6adb6c7b7250684308e07e5699a667a85fe3f7c78bce5e1	src/drivers/gpu/bcm2711/vulkan-native-pass.h
33a1f344a009f5e5b8352b6548cbd9b9081b3612b2e7c14c796be8efa3f21f86	src/drivers/gpu/bcm2711/vulkan-object.c
c80bb0eaeb3010e0e506e0bc7a5db7b213e5bc89805f233071f0546e0cf59d35	src/drivers/gpu/bcm2711/vulkan-pipeline-build.c
50000ded4f2cdbfa29e221b9d0ec9343947822bda89c8011ad3bdea5cf926cb9	src/drivers/gpu/bcm2711/vulkan-pipeline-decode.c
a8524dbacfc68cefff5f00701047d197933af70b58689ff1b7f5c17b0a700008	src/drivers/gpu/bcm2711/vulkan-pipeline-record.h
42cded4751410f755709455b15c68a235859e79c1f01a9a19edc8668f4ef18c9	src/drivers/gpu/bcm2711/vulkan-pipeline-state.c
ecb0f2d3aae79fad16be7d3595deda16e42e0e34ae88aacf5b847ba5a5e038c4	src/drivers/gpu/bcm2711/vulkan-pipeline.c
dc8275079abeb33b6bca8b3efcb005d86ccabe23c592fab4c575ab13d36087a3	src/drivers/gpu/bcm2711/vulkan-pipeline.h
6cc9dc961b90e102ce8e8fc7f8f7ecde43c6c1ddb4c1e54a3d1f322ce2a2d236	src/drivers/gpu/bcm2711/vulkan-prepared.c
e62f528b1b8edec787e80f3aaf9e541c544a1f5e778d2247842ef29c80bc97c5	src/drivers/gpu/bcm2711/vulkan-prepared.h
271c3c4f1ecf3fc991815d82fa81dcae89c420f720a3c197ca2c585cdc505ba8	src/drivers/gpu/bcm2711/vulkan-private.h
e704565116a268bc9e63f19237ad5844bf1a47c7b8e069db796d4e271516e82b	src/drivers/gpu/bcm2711/vulkan-query.c
073919fc004fc58c68774511a59e53e991c1678fa9e70cb0ea6f149d1f03d520	src/drivers/gpu/bcm2711/vulkan-queue.c
3b85343719675bba909f4384f5d4e2c8e1631903ed670da2a72372deba3a4600	src/drivers/gpu/bcm2711/vulkan-queue.h
7b1e2df015d2a828c3434f0d8cff2cecd4bcba8cb2d13965f774c0a4d593de8f	src/drivers/gpu/bcm2711/vulkan-record-decode.c
eec55d219f2906c3e1175d443b0ec38152785381d5c2de7c1423e65764839c3e	src/drivers/gpu/bcm2711/vulkan-record-validate.c
95ff5a3eca5f4f9cda26a994aeab891cf1a1fba143a265a2c51315eb3b49392f	src/drivers/gpu/bcm2711/vulkan-record.c
03d64d868dea14b2061c82555ef26bda6315d87413fd819d76435b1d33799cdc	src/drivers/gpu/bcm2711/vulkan-record.h
0748691767c858c74bb44f94cb4e7ad24f448108130435f126c3b75bfb4fef85	src/drivers/gpu/bcm2711/vulkan-resource.c
535638bb371f41f31420e02d04a8b535823e430ec195eaa7f530539104ff1ee5	src/drivers/gpu/bcm2711/vulkan-resource.h
de2d5bdd4c5b93b73fa9c3102d66457bb1ec32d931203fb230c9cdbe00a3a996	src/drivers/gpu/bcm2711/vulkan-session.c
da53537bbd75d561e17ac289c5e1d391105024e3562dc9bd45761bd1af183523	src/drivers/gpu/bcm2711/vulkan-stream.c
2038b419c7cf2b324af479752e58da53d182db5b1831361e1ac3ef7032c9e98b	src/drivers/gpu/bcm2711/vulkan-sync.c
6e5badbb49685d2c6802da79919ffe896c13657480d231078308491f5401cc52	src/drivers/gpu/bcm2711/vulkan-sync.h
8756f5c6a5efeb823735dd52ee9cc9ce45b109953057f3a21a5b2b9444688997	src/drivers/gpu/bcm2711/vulkan-target.c
e40cbbeaa2f839bc356eb2f59874bbae6e9297220236f1b9ed8d1cf37d13fbea	src/drivers/gpu/bcm2711/vulkan-target.h
84230388fc37202c583fae96c5c1069eac53a4136fe63f74a7e4836a30ab21e0	src/drivers/gpu/bcm2711/vulkan-transfer.c
dccbb3dfb5e459bc0a6e8b23d95453065cb3e1eb228c4210decfb27ff0f98a2d	src/drivers/gpu/bcm2711/vulkan-transfer.h
3175fdb258b311843482b87f2ecc4ddcf2f18b7d2bb63a38626f380a97d06690	src/drivers/gpu/bcm2711/vulkan-uniform.c
10fb4e55369470b54f64787e9e8933bc01b7e53ae88365e70eef7b55c0858f05	src/drivers/gpu/bcm2711/vulkan-uniform.h
933808eab5fe2edda7f74958ae0ce2cf16a6f447a1e08473aa3ab30a8b2a5830	src/drivers/gpu/gpu.c
9510b3dde446557bdfda1aae3821e49d9111a447908d08c58651230cc25b9aa0	src/drivers/platform/rpi4/rpi4-firmware.c
75b829d4e0f12f469d767c49fa19b972a9ba9ac9cd15fc2ef6caa5d9856b917b	src/drivers/platform/rpi4/rpi4-firmware.h
b7cb87a826877a4cd14e69e766354af3d52b6200cd52c66c76b7b55128f62e33	src/kern/vm-device.c
